NAME;YEAR;COVERAGE
Afghanistan;2023;60.11
Albania;2023;93
Algeria;2023;
Andorra;2023;96
Angola;2023;54.77
Anguilla;2023;71.33
Antigua and Barbuda;2023;87
Argentina;2023;54.23
Armenia;2023;95.99
Aruba;2023;81.13
Australia;2023;92.65
Austria;2023;81
Azerbaijan;2023;93.23
Bahamas;2023;52.73
Bahrain;2023;100
Bangladesh;2023;89.1
Barbados;2023;75.74
Belarus;2023;94.86
Belgium;2023;82.2
Belize;2023;87.85
Benin;2023;
Bermuda;2023;74.86
Bhutan;2023;103.21
Bolivia (Plurinational State of);2023;50.29
Bosnia and Herzegovina;2023;62.8
Botswana;2023;
Brazil;2023;63.54
British Virgin Islands;2023;72.5
Brunei Darussalam;2023;98.67
Bulgaria;2023;87.4
Burkina Faso;2023;83.77
Burundi;2023;80
Cabo Verde;2023;
Cambodia;2023;
Cameroon;2023;45
Canada;2023;79
Cayman Islands;2023;86.28
Central African Republic;2023;
Chad;2023;51.74
Chile;2023;69.98
China;2023;95.42
China, Hong Kong SAR;2023;
China, Macao SAR;2023;96.34
Colombia;2023;83.76
Comoros;2023;
Congo;2023;46
Cook Islands;2023;
Costa Rica;2023;83.42
Côte d'Ivoire;2023;42.72
Croatia;2023;90.05
Cuba;2023;99.22
Cyprus;2023;79.56
Czechia;2023;
Democratic People's Republic of Korea;2023;16.31
Democratic Republic of the Congo;2023;18
Denmark;2023;93.42
Djibouti;2023;80.19
Dominica;2023;99.06
Dominican Republic;2023;70
Ecuador;2023;81
Egypt;2023;94.96
El Salvador;2023;71.4
Equatorial Guinea;2023;27.97
Eritrea;2023;85
Estonia;2023;72.9
Eswatini;2023;82.39
Ethiopia;2023;83.07
Fiji;2023;82.93
Finland;2023;92
France;2023;92.8
French Polynesia;2023;
Gabon;2023;
Gambia;2023;73.09
Georgia;2023;86
Germany;2023;91
Ghana;2023;78.5
Greece;2023;
Grenada;2023;84.2
Guam;2023;
Guatemala;2023;76.96
Guinea;2023;35
Guinea-Bissau;2023;
Guyana;2023;99.06
Haiti;2023;66.92
Honduras;2023;73.97
Hungary;2023;99.74
Iceland;2023;89.46
India;2023;89.84
Indonesia;2023;69
Iran (Islamic Republic of);2023;99.52
Iraq;2023;83.03
Ireland;2023;89.43
Italy;2023;84.79
Jamaica;2023;89.02
Japan;2023;
Jordan;2023;89
Kazakhstan;2023;99.6
Kenya;2023;62
Kiribati;2023;
Kosovo (in accordance with UN Security Council resolution 1244 (1999));2023;91.76
Kuwait;2023;90.92
Kyrgyzstan;2023;92.66
Lao People's Democratic Republic;2023;72.85
Latvia;2023;91.75
Lebanon;2023;66.18
Lesotho;2023;71.72
Liberia;2023;60
Libya;2023;91.07
Lithuania;2023;85.72
Luxembourg;2023;93.7
Madagascar;2023;72.46
Malawi;2023;65
Malaysia;2023;102.6
Maldives;2023;98.99
Mali;2023;50
Malta;2023;84.4
Marshall Islands;2023;61.19
Mauritania;2023;23.6
Mauritius;2023;94
Mexico;2023;73.69
Micronesia (Federated States of);2023;58.64
Monaco;2023;
Mongolia;2023;95.75
Montenegro;2023;68.62
Montserrat;2023;97.83
Mozambique;2023;67
Myanmar;2023;64.78
Namibia;2023;79
Nepal;2023;89
Netherlands (Kingdom of the);2023;81.17
New Caledonia;2023;
New Zealand;2023;84.03
Nicaragua;2023;98.14
Niger;2023;68
Nigeria;2023;37
Niue;2023;100
North Macedonia;2023;87.69
Northern Mariana Islands;2023;94.52
Norway;2023;94.46
occupied Palestinian territory, including east Jerusalem;2023;89.24
Oman;2023;99.74
Pakistan;2023;80
Palau;2023;88.61
Panama;2023;77.34
Papua New Guinea;2023;47.96
Paraguay;2023;63
Peru;2023;65.6
Philippines;2023;69.02
Poland;2023;
Portugal;2023;95.4
Qatar;2023;98.8
Republic of Korea;2023;96
Republic of Moldova;2023;92.8
Romania;2023;62.1
Russian Federation;2023;72.85
Rwanda;2023;88.24
Saint Kitts and Nevis;2023;93.72
Saint Lucia;2023;83.26
Saint Vincent and the Grenadines;2023;91.97
Samoa;2023;
San Marino;2023;
Sao Tome and Principe;2023;89.8
Saudi Arabia;2023;96.4
Senegal;2023;64.3
Serbia;2023;91.01
Seychelles;2023;88.73
Sierra Leone;2023;100.06
Singapore;2023;91.9
Slovakia;2023;94.52
Slovenia;2023;88.9
Solomon Islands;2023;48.08
Somalia;2023;
South Africa;2023;83.5
South Sudan;2023;
Spain;2023;91.81
Sri Lanka;2023;98.72
Sudan;2023;
Suriname;2023;66.48
Sweden;2023;92.2
Switzerland;2023;91
Syrian Arab Republic;2023;70.32
Tajikistan;2023;96.25
Thailand;2023;
Timor-Leste;2023;
Togo;2023;71.84
Tokelau;2023;
Tonga;2023;98.96
Trinidad and Tobago;2023;90.54
Tunisia;2023;97
Türkiye;2023;93.68
Turkmenistan;2023;98.9
Turks and Caicos Islands;2023;95.76
Tuvalu;2023;98.11
Uganda;2023;
Ukraine;2023;87.3
United Arab Emirates;2023;94
United Kingdom of Great Britain and Northern Ireland;2023;85.24
United Republic of Tanzania;2023;97
United States of America;2023;
Uruguay;2023;90.19
Uzbekistan;2023;99.6
Vanuatu;2023;21
Venezuela (Bolivarian Republic of);2023;39.06
Viet Nam;2023;86.03
Yemen;2023;64.42
Zambia;2023;60.47
Zimbabwe;2023;77
Afghanistan;2022;60
Albania;2022;
Algeria;2022;
Andorra;2022;95.98
Angola;2022;45.13
Anguilla;2022;67.18
Antigua and Barbuda;2022;100
Argentina;2022;94.19
Armenia;2022;94.17
Aruba;2022;83.02
Australia;2022;91.37
Austria;2022;93.7
Azerbaijan;2022;90.7
Bahamas;2022;65.24
Bahrain;2022;100
Bangladesh;2022;
Barbados;2022;73.44
Belarus;2022;98.09
Belgium;2022;83
Belize;2022;76.5
Benin;2022;
Bermuda;2022;57.66
Bhutan;2022;96.69
Bolivia (Plurinational State of);2022;48.78
Bosnia and Herzegovina;2022;60.29
Botswana;2022;
Brazil;2022;57.57
British Virgin Islands;2022;77.81
Brunei Darussalam;2022;98.51
Bulgaria;2022;87.23
Burkina Faso;2022;85
Burundi;2022;85
Cabo Verde;2022;114.12
Cambodia;2022;
Cameroon;2022;36
Canada;2022;79
Cayman Islands;2022;71.22
Central African Republic;2022;
Chad;2022;1.74
Chile;2022;81.38
China;2022;99.11
China, Hong Kong SAR;2022;
China, Macao SAR;2022;95.97
Colombia;2022;83.69
Comoros;2022;78.6
Congo;2022;34.14
Cook Islands;2022;
Costa Rica;2022;74.51
Côte d'Ivoire;2022;20.25
Croatia;2022;90.41
Cuba;2022;99.57
Cyprus;2022;75.17
Czechia;2022;
Democratic People's Republic of Korea;2022;0
Democratic Republic of the Congo;2022;
Denmark;2022;93.6
Djibouti;2022;41.1
Dominica;2022;86.52
Dominican Republic;2022;86.97
Ecuador;2022;60.23
Egypt;2022;95.57
El Salvador;2022;72.17
Equatorial Guinea;2022;12.71
Eritrea;2022;85
Estonia;2022;67.2
Eswatini;2022;77.23
Ethiopia;2022;81.72
Fiji;2022;76
Finland;2022;92
France;2022;90.4
French Polynesia;2022;99.3
Gabon;2022;
Gambia;2022;52.39
Georgia;2022;78.32
Germany;2022;90.4
Ghana;2022;84.33
Greece;2022;
Grenada;2022;67.95
Guatemala;2022;71.12
Guinea;2022;35
Guinea-Bissau;2022;
Guyana;2022;101.73
Haiti;2022;46.22
Honduras;2022;70.47
Hungary;2022;99.7
Iceland;2022;79.79
India;2022;90
Indonesia;2022;87
Iran (Islamic Republic of);2022;98
Iraq;2022;97.04
Ireland;2022;84.5
Israel;2022;91.75
Italy;2022;85.06
Jamaica;2022;82.9
Japan;2022;
Jordan;2022;80.18
Kazakhstan;2022;97.35
Kenya;2022;56
Kiribati;2022;68.03
Kosovo (in accordance with UN Security Council resolution 1244 (1999));2022;93.73
Kuwait;2022;94
Kyrgyzstan;2022;94.53
Lao People's Democratic Republic;2022;61.27
Latvia;2022;85.77
Lebanon;2022;
Lesotho;2022;63
Liberia;2022;58.96
Libya;2022;96
Lithuania;2022;86.53
Luxembourg;2022;
Madagascar;2022;55.61
Malawi;2022;59.86
Malaysia;2022;96.3
Maldives;2022;98
Mali;2022;47.8
Malta;2022;95.32
Marshall Islands;2022;53.64
Mauritania;2022;
Mauritius;2022;93
Mexico;2022;82.5
Micronesia (Federated States of);2022;42.9
Monaco;2022;80
Mongolia;2022;93.33
Montenegro;2022;69.51
Montserrat;2022;95.74
Mozambique;2022;
Myanmar;2022;64.24
Namibia;2022;79.24
Nauru;2022;
Nepal;2022;87
Netherlands (Kingdom of the);2022;85.07
New Caledonia;2022;92
New Zealand;2022;82.76
Nicaragua;2022;102.09
Niger;2022;42
Nigeria;2022;37
Niue;2022;100
North Macedonia;2022;89.17
Northern Mariana Islands;2022;90.4
Norway;2022;94.47
occupied Palestinian territory, including east Jerusalem;2022;93.37
Oman;2022;98
Pakistan;2022;79
Palau;2022;85
Panama;2022;75.34
Papua New Guinea;2022;24.93
Paraguay;2022;41.34
Peru;2022;53.82
Philippines;2022;63.71
Poland;2022;86.1
Portugal;2022;95.6
Qatar;2022;98.7
Republic of Korea;2022;95
Republic of Moldova;2022;92.61
Romania;2022;71.4
Russian Federation;2022;96.5
Rwanda;2022;
Saint Kitts and Nevis;2022;92.95
Saint Lucia;2022;62.57
Saint Vincent and the Grenadines;2022;100.08
Samoa;2022;
San Marino;2022;
Saudi Arabia;2022;97.54
Senegal;2022;76
Serbia;2022;89.48
Seychelles;2022;97.67
Sierra Leone;2022;73
Singapore;2022;
Slovakia;2022;95.72
Slovenia;2022;92.2
Solomon Islands;2022;90.31
Somalia;2022;7.75
South Africa;2022;86.61
South Sudan;2022;
Spain;2022;92.48
Sri Lanka;2022;98.46
Suriname;2022;65.34
Sweden;2022;90.6
Switzerland;2022;94
Syrian Arab Republic;2022;54.77
Tajikistan;2022;97.1
Thailand;2022;83.2
Timor-Leste;2022;143.8
Togo;2022;71.15
Tokelau;2022;
Tonga;2022;99.3
Trinidad and Tobago;2022;91.88
Tunisia;2022;97.6
Türkiye;2022;94.38
Turkmenistan;2022;98.7
Turks and Caicos Islands;2022;98.02
Tuvalu;2022;89.17
Uganda;2022;48.9
Ukraine;2022;69.11
United Arab Emirates;2022;
United Kingdom of Great Britain and Northern Ireland;2022;86.5
United Republic of Tanzania;2022;92
United States of America;2022;
Uruguay;2022;91.92
Uzbekistan;2022;99.58
Vanuatu;2022;
Venezuela (Bolivarian Republic of);2022;
Viet Nam;2022;80.74
Yemen;2022;64
Zambia;2022;60.4
Zimbabwe;2022;77
Afghanistan;2021;54.61
Albania;2021;
Andorra;2021;96.8
Angola;2021;40.01
Anguilla;2021;65.4
Antigua and Barbuda;2021;75.89
Argentina;2021;79.2
Armenia;2021;93.76
Aruba;2021;76.45
Australia;2021;93.89
Austria;2021;97.15
Azerbaijan;2021;89.93
Bahamas;2021;79.86
Bahrain;2021;98.81
Bangladesh;2021;89
Barbados;2021;69.92
Belarus;2021;97.67
Belgium;2021;83
Belize;2021;76.5
Benin;2021;
Bermuda;2021;65.31
Bhutan;2021;91.36
Bolivia (Plurinational State of);2021;56.09
Bosnia and Herzegovina;2021;63.3
Botswana;2021;
Brazil;2021;46.43
British Virgin Islands;2021;69.94
Brunei Darussalam;2021;98.57
Bulgaria;2021;85.79
Burkina Faso;2021;71
Burundi;2021;85
Cabo Verde;2021;98
Cambodia;2021;
Cameroon;2021;28
Canada;2021;83
Cayman Islands;2021;68.45
Central African Republic;2021;
Chad;2021;
Chile;2021;91
China;2021;99.34
China, Hong Kong SAR;2021;
China, Macao SAR;2021;94.95
Colombia;2021;85.6
Comoros;2021;90
Congo;2021;31.29
Costa Rica;2021;68.6
Côte d'Ivoire;2021;0.53
Croatia;2021;90.33
Cuba;2021;99.62
Cyprus;2021;
Czechia;2021;
Democratic People's Republic of Korea;2021;91.38
Democratic Republic of the Congo;2021;
Denmark;2021;94.2
Djibouti;2021;
Dominica;2021;87.39
Dominican Republic;2021;59.79
Ecuador;2021;58.37
Egypt;2021;95.51
El Salvador;2021;80
Equatorial Guinea;2021;16.7
Eritrea;2021;85
Estonia;2021;83.7
Eswatini;2021;69
Ethiopia;2021;70.56
Fiji;2021;
Finland;2021;93
France;2021;86.3
French Polynesia;2021;
Gabon;2021;
Gambia;2021;
Georgia;2021;81.25
Germany;2021;93.22
Ghana;2021;83
Greece;2021;
Grenada;2021;
Guam;2021;
Guatemala;2021;78.81
Guinea;2021;
Guinea-Bissau;2021;
Guyana;2021;83.43
Haiti;2021;43.97
Honduras;2021;74.62
Hungary;2021;99.48
Iceland;2021;10.26
India;2021;82
Indonesia;2021;58
Iran (Islamic Republic of);2021;98.11
Iraq;2021;84.05
Ireland;2021;85.58
Israel;2021;92.84
Italy;2021;85.64
Jamaica;2021;85.39
Japan;2021;94.06
Kazakhstan;2021;
Kenya;2021;56.84
Kiribati;2021;
Kosovo (in accordance with UN Security Council resolution 1244 (1999));2021;
Kuwait;2021;
Kyrgyzstan;2021;96.95
Lao People's Democratic Republic;2021;55.63
Latvia;2021;84.75
Lebanon;2021;75.1
Lesotho;2021;66.81
Liberia;2021;35.01
Libya;2021;96
Lithuania;2021;88.37
Luxembourg;2021;90
Madagascar;2021;46.08
Malawi;2021;74
Malaysia;2021;
Maldives;2021;97.9
Mali;2021;33
Malta;2021;92.87
Marshall Islands;2021;58.5
Mauritania;2021;
Mauritius;2021;93
Mexico;2021;96.98
Micronesia (Federated States of);2021;37.76
Monaco;2021;80
Mongolia;2021;93.92
Montenegro;2021;79.12
Montserrat;2021;83.64
Mozambique;2021;
Myanmar;2021;42.22
Namibia;2021;56.36
Nauru;2021;100.91
Nepal;2021;87
Netherlands (Kingdom of the);2021;89.67
New Zealand;2021;82.26
Nicaragua;2021;86.24
Niger;2021;66
Nigeria;2021;36
Niue;2021;
North Macedonia;2021;80.4
Northern Mariana Islands;2021;95.74
Norway;2021;95.2
occupied Palestinian territory, including east Jerusalem;2021;
Oman;2021;100
Pakistan;2021;79
Palau;2021;83.87
Panama;2021;74.9
Papua New Guinea;2021;19.85
Paraguay;2021;55.02
Peru;2021;59.76
Philippines;2021;55
Poland;2021;85.6
Portugal;2021;94.7
Qatar;2021;98.6
Republic of Korea;2021;95
Republic of Moldova;2021;91.56
Romania;2021;74.6
Russian Federation;2021;96.38
Rwanda;2021;85
Saint Kitts and Nevis;2021;94.44
Saint Lucia;2021;65.72
Saint Vincent and the Grenadines;2021;93.59
Samoa;2021;50
San Marino;2021;
Sao Tome and Principe;2021;68.55
Saudi Arabia;2021;96.9
Senegal;2021;84.95
Serbia;2021;85.8
Seychelles;2021;86.12
Sierra Leone;2021;67
Slovakia;2021;96.35
Slovenia;2021;90.7
Solomon Islands;2021;39.72
Somalia;2021;
South Africa;2021;82.05
South Sudan;2021;
Spain;2021;91.23
Sri Lanka;2021;96.66
Sudan;2021;
Suriname;2021;58.01
Sweden;2021;91
Switzerland;2021;94
Syrian Arab Republic;2021;70.46
Tajikistan;2021;95.57
Thailand;2021;
Timor-Leste;2021;120.42
Togo;2021;64.34
Tokelau;2021;95
Tonga;2021;99.3
Trinidad and Tobago;2021;87.94
Tunisia;2021;98
Türkiye;2021;93.03
Turkmenistan;2021;98.4
Turks and Caicos Islands;2021;79.67
Tuvalu;2021;84.1
Uganda;2021;
Ukraine;2021;85.9
United Arab Emirates;2021;96
United Kingdom of Great Britain and Northern Ireland;2021;87.4
United Republic of Tanzania;2021;78
United States of America;2021;
Uruguay;2021;82.35
Uzbekistan;2021;98.77
Vanuatu;2021;
Venezuela (Bolivarian Republic of);2021;37.48
Viet Nam;2021;84.89
Yemen;2021;60
Zambia;2021;81
Zimbabwe;2021;
Afghanistan;2020;53.92
Albania;2020;94.07
Andorra;2020;93.33
Angola;2020;47.73
Anguilla;2020;66
Antigua and Barbuda;2020;
Argentina;2020;71.4
Armenia;2020;94.44
Australia;2020;94.18
Austria;2020;88.04
Azerbaijan;2020;78.92
Bahamas;2020;82.81
Bahrain;2020;100
Bangladesh;2020;89
Barbados;2020;78.37
Belarus;2020;98.08
Belgium;2020;83
Belize;2020;87
Benin;2020;
Bermuda;2020;73.93
Bhutan;2020;99.59
Bolivia (Plurinational State of);2020;46.39
Bosnia and Herzegovina;2020;
Botswana;2020;
Brazil;2020;43.69
British Virgin Islands;2020;97.41
Brunei Darussalam;2020;96.94
Bulgaria;2020;84.5
Burkina Faso;2020;71
Burundi;2020;83
Cambodia;2020;90.55
Cameroon;2020;22
Canada;2020;83
Cayman Islands;2020;62.45
Central African Republic;2020;
Chad;2020;
Chile;2020;83.13
China;2020;99.04
China, Hong Kong SAR;2020;
China, Macao SAR;2020;95.53
Colombia;2020;88
Comoros;2020;
Congo;2020;29
Costa Rica;2020;80.67
Côte d'Ivoire;2020;
Croatia;2020;91.12
Cuba;2020;98.55
Cyprus;2020;
Czechia;2020;
Democratic People's Republic of Korea;2020;98.97
Democratic Republic of the Congo;2020;
Denmark;2020;90.2
Djibouti;2020;
Dominica;2020;90.24
Dominican Republic;2020;54.92
Ecuador;2020;70.35
Egypt;2020;93.71
El Salvador;2020;66.05
Equatorial Guinea;2020;
Eritrea;2020;85
Estonia;2020;87.06
Eswatini;2020;70.45
Ethiopia;2020;71
Fiji;2020;71.5
Finland;2020;
France;2020;
French Polynesia;2020;
Gabon;2020;
Georgia;2020;77.36
Germany;2020;92.73
Ghana;2020;79.24
Greece;2020;
Grenada;2020;78.62
Guatemala;2020;79.37
Guinea;2020;
Guinea-Bissau;2020;
Guyana;2020;96.84
Haiti;2020;45.52
Honduras;2020;79.04
Hungary;2020;
Iceland;2020;93.14
India;2020;80.86
Indonesia;2020;48.9
Iran (Islamic Republic of);2020;98.41
Iraq;2020;92.33
Ireland;2020;90.16
Israel;2020;96.02
Italy;2020;98.5
Jamaica;2020;88.92
Japan;2020;94.57
Jordan;2020;89.81
Kazakhstan;2020;90.7
Kenya;2020;
Kiribati;2020;56.84
Kosovo (in accordance with UN Security Council resolution 1244 (1999));2020;91.85
Kyrgyzstan;2020;92.55
Lao People's Democratic Republic;2020;70.14
Latvia;2020;94
Lebanon;2020;80
Lesotho;2020;64.5
Liberia;2020;29.86
Libya;2020;96
Lithuania;2020;90.53
Luxembourg;2020;90
Madagascar;2020;23.55
Malawi;2020;74.53
Malaysia;2020;84
Maldives;2020;156.26
Mali;2020;
Malta;2020;99.16
Marshall Islands;2020;67.94
Mauritania;2020;
Mauritius;2020;98
Mexico;2020;83.34
Micronesia (Federated States of);2020;62.07
Monaco;2020;
Mongolia;2020;95.5
Montenegro;2020;76.17
Mozambique;2020;
Myanmar;2020;90.42
Namibia;2020;63.37
Nauru;2020;97.04
Nepal;2020;73
Netherlands (Kingdom of the);2020;89.01
New Zealand;2020;90.67
Nicaragua;2020;100.88
Niger;2020;60
Nigeria;2020;
North Macedonia;2020;68.46
Northern Mariana Islands;2020;76.66
Norway;2020;94.99
occupied Palestinian territory, including east Jerusalem;2020;
Oman;2020;100
Pakistan;2020;77
Palau;2020;83.47
Panama;2020;73.8
Papua New Guinea;2020;27.48
Paraguay;2020;59.86
Peru;2020;52.25
Philippines;2020;73
Poland;2020;85.7
Portugal;2020;95
Qatar;2020;88.42
Republic of Korea;2020;95
Republic of Moldova;2020;93.27
Romania;2020;75.1
Russian Federation;2020;96.06
Rwanda;2020;92
Saint Kitts and Nevis;2020;98.71
Saint Lucia;2020;71.47
Saint Vincent and the Grenadines;2020;107.7
Samoa;2020;59.42
San Marino;2020;79.2
Saudi Arabia;2020;96.4
Senegal;2020;79
Serbia;2020;84.1
Seychelles;2020;100
Sierra Leone;2020;67.48
Slovakia;2020;97.9
Slovenia;2020;91
Solomon Islands;2020;51
Somalia;2020;
South Africa;2020;76.49
South Sudan;2020;
Spain;2020;94.3
Sri Lanka;2020;95.79
Sudan;2020;67.66
Suriname;2020;35.41
Sweden;2020;
Switzerland;2020;93.3
Syrian Arab Republic;2020;69.66
Tajikistan;2020;96.57
Thailand;2020;90.56
Timor-Leste;2020;78
Togo;2020;60.43
Tokelau;2020;95
Tonga;2020;
Trinidad and Tobago;2020;89.54
Tunisia;2020;96
Türkiye;2020;93
Turkmenistan;2020;99.5
Turks and Caicos Islands;2020;83.43
Tuvalu;2020;85.46
Uganda;2020;
Ukraine;2020;81.9
United Arab Emirates;2020;92.25
United Kingdom of Great Britain and Northern Ireland;2020;87.48
United Republic of Tanzania;2020;83
United States of America;2020;
Uruguay;2020;91.49
Uzbekistan;2020;99.61
Vanuatu;2020;
Venezuela (Bolivarian Republic of);2020;28.2
Viet Nam;2020;
Yemen;2020;54
Zambia;2020;102
Zimbabwe;2020;74.23
Afghanistan;2019;52
Albania;2019;96.2
Andorra;2019;96.9
Angola;2019;51.8
Anguilla;2019;68
Antigua and Barbuda;2019;71
Argentina;2019;84
Armenia;2019;96
Aruba;2019;85
Australia;2019;93.59
Austria;2019;89
Azerbaijan;2019;96.6
Bahamas;2019;83
Bahrain;2019;100
Bangladesh;2019;89
Barbados;2019;85
Belarus;2019;98.1
Belgium;2019;82.1
Belize;2019;95
Benin;2019;
Bermuda;2019;102
Bhutan;2019;92
Bolivia (Plurinational State of);2019;44
Bosnia and Herzegovina;2019;69
Botswana;2019;
Brazil;2019;54
British Virgin Islands;2019;78
Brunei Darussalam;2019;98
Bulgaria;2019;95.1
Burkina Faso;2019;71
Burundi;2019;80
Cabo Verde;2019;91
Cambodia;2019;
Cameroon;2019;
Canada;2019;87
Central African Republic;2019;
Chad;2019;
Chile;2019;91
China;2019;
China, Hong Kong SAR;2019;95
China, Macao SAR;2019;96
Colombia;2019;89
Comoros;2019;
Congo;2019;
Cook Islands;2019;98
Costa Rica;2019;102
Côte d'Ivoire;2019;
Croatia;2019;
Cuba;2019;100
Curaçao;2019;78
Cyprus;2019;
Czechia;2019;
Democratic People's Republic of Korea;2019;98
Democratic Republic of the Congo;2019;
Denmark;2019;90
Djibouti;2019;
Dominica;2019;92
Dominican Republic;2019;60
Ecuador;2019;76
Egypt;2019;94.2
El Salvador;2019;103
Equatorial Guinea;2019;
Eritrea;2019;85
Estonia;2019;89.5
Eswatini;2019;75
Ethiopia;2019;65
Fiji;2019;
Finland;2019;93
French Polynesia;2019;97
Gabon;2019;
Gambia;2019;61
Georgia;2019;97
Germany;2019;93.1
Ghana;2019;83
Greece;2019;
Grenada;2019;82
Guam;2019;
Guatemala;2019;78
Guinea;2019;
Guinea-Bissau;2019;
Guyana;2019;92
Haiti;2019;46.65
Honduras;2019;85
Hungary;2019;
Iceland;2019;93.5
India;2019;84.04
Indonesia;2019;71
Iran (Islamic Republic of);2019;98
Iraq;2019;86
Ireland;2019;
Israel;2019;97.8
Italy;2019;
Jamaica;2019;92
Japan;2019;93.4
Jordan;2019;99
Kazakhstan;2019;97.8
Kenya;2019;54.06
Kiribati;2019;
Kyrgyzstan;2019;98.5
Lao People's Democratic Republic;2019;66.52
Latvia;2019;96
Lebanon;2019;79.26
Lesotho;2019;78
Liberia;2019;51
Libya;2019;96
Lithuania;2019;93.2
Luxembourg;2019;89.5
Madagascar;2019;
Malawi;2019;75
Malaysia;2019;87
Maldives;2019;95.6
Mali;2019;
Malta;2019;95.45
Marshall Islands;2019;63.61
Mauritania;2019;
Mauritius;2019;99
Mexico;2019;73
Micronesia (Federated States of);2019;52
Monaco;2019;79
Mongolia;2019;98.5
Montserrat;2019;98
Morocco;2019;99
Mozambique;2019;85
Myanmar;2019;80
Namibia;2019;56
Nauru;2019;95
Nepal;2019;76
Netherlands (Kingdom of the);2019;89.65
New Zealand;2019;89.88
Nicaragua;2019;100
Niger;2019;58
Nigeria;2019;
Niue;2019;100
Northern Mariana Islands;2019;90.37
Norway;2019;95
occupied Palestinian territory, including east Jerusalem;2019;100
Oman;2019;100
Pakistan;2019;74
Palau;2019;88
Panama;2019;97
Papua New Guinea;2019;19.6
Paraguay;2019;71
Peru;2019;66
Philippines;2019;69
Poland;2019;91.1
Portugal;2019;
Republic of Korea;2019;96.3
Republic of Moldova;2019;94.77
Romania;2019;75.8
Russian Federation;2019;96.62
Rwanda;2019;92.3
Saint Kitts and Nevis;2019;98
Saint Lucia;2019;75
Saint Vincent and the Grenadines;2019;152
Samoa;2019;59
San Marino;2019;79
Sao Tome and Principe;2019;81
Saudi Arabia;2019;96.1
Senegal;2019;78
Serbia;2019;91
Seychelles;2019;99
Sierra Leone;2019;72
Slovakia;2019;97.8
Slovenia;2019;93.5
Solomon Islands;2019;54
Somalia;2019;
South Africa;2019;79
South Sudan;2019;
Spain;2019;94.45
Sri Lanka;2019;99
Sudan;2019;74
Suriname;2019;43
Sweden;2019;
Switzerland;2019;89.7
Syrian Arab Republic;2019;71
Tajikistan;2019;97
Thailand;2019;86.63
Timor-Leste;2019;80
Togo;2019;67
Tokelau;2019;98
Tonga;2019;99
Trinidad and Tobago;2019;92
Tunisia;2019;97
Türkiye;2019;88.09
Turkmenistan;2019;99.3
Turks and Caicos Islands;2019;88
Tuvalu;2019;92.3
Uganda;2019;
Ukraine;2019;91.7
United Arab Emirates;2019;
United Kingdom of Great Britain and Northern Ireland;2019;87
United Republic of Tanzania;2019;88
United States of America;2019;95
Uruguay;2019;99
Uzbekistan;2019;99
Vanuatu;2019;
Venezuela (Bolivarian Republic of);2019;13
Viet Nam;2019;
Wallis and Futuna;2019;
Yemen;2019;54
Zambia;2019;66
Zimbabwe;2019;75
Afghanistan;2018;60
Albania;2018;96.3
Algeria;2018;77
Andorra;2018;95.01
Angola;2018;35
Anguilla;2018;73
Antigua and Barbuda;2018;95
Argentina;2018;101
Armenia;2018;96
Aruba;2018;83
Australia;2018;93.47
Austria;2018;83.8
Azerbaijan;2018;96
Bahamas;2018;69
Bahrain;2018;99.5
Bangladesh;2018;83
Barbados;2018;74
Belarus;2018;98.4
Belgium;2018;82
Belize;2018;91
Benin;2018;
Bermuda;2018;70
Bhutan;2018;91
Bolivia (Plurinational State of);2018;38
Bosnia and Herzegovina;2018;68.4
Botswana;2018;
Brazil;2018;76
British Virgin Islands;2018;83
Brunei Darussalam;2018;98
Bulgaria;2018;87.4
Burkina Faso;2018;50
Burundi;2018;77
Cabo Verde;2018;87.66
Cambodia;2018;
Cameroon;2018;
Canada;2018;86.98
Cayman Islands;2018;70
Central African Republic;2018;
Chad;2018;
Chile;2018;93
China;2018;
China, Hong Kong SAR;2018;95
China, Macao SAR;2018;93.5
Colombia;2018;88
Comoros;2018;
Congo;2018;
Cook Islands;2018;100
Costa Rica;2018;103
Côte d'Ivoire;2018;
Croatia;2018;94.7
Cuba;2018;100
Curaçao;2018;66
Cyprus;2018;
Czechia;2018;83.54
Democratic People's Republic of Korea;2018;98.7
Democratic Republic of the Congo;2018;
Denmark;2018;89.7
Djibouti;2018;81
Dominica;2018;81
Dominican Republic;2018;31
Ecuador;2018;74
Egypt;2018;94.4
El Salvador;2018;85
Equatorial Guinea;2018;
Eritrea;2018;85
Estonia;2018;88.3
Eswatini;2018;75
Ethiopia;2018;
Fiji;2018;95
Finland;2018;93.3
France;2018;83.3
French Polynesia;2018;97
Gabon;2018;
Gambia;2018;71
Georgia;2018;96
Germany;2018;92.8
Ghana;2018;83
Greece;2018;
Grenada;2018;74
Guam;2018;85
Guatemala;2018;78
Guinea;2018;
Guinea-Bissau;2018;
Guyana;2018;84
Haiti;2018;42.73
Honduras;2018;94
Hungary;2018;
Iceland;2018;95
India;2018;82
Indonesia;2018;52.12
Iran (Islamic Republic of);2018;98
Iraq;2018;81
Ireland;2018;
Israel;2018;96
Italy;2018;
Jamaica;2018;82
Japan;2018;93.13
Jordan;2018;96
Kazakhstan;2018;98
Kenya;2018;45
Kiribati;2018;99
Kuwait;2018;94
Kyrgyzstan;2018;96
Lao People's Democratic Republic;2018;76
Latvia;2018;94
Lebanon;2018;
Lesotho;2018;47
Liberia;2018;
Libya;2018;96
Lithuania;2018;91.6
Luxembourg;2018;90
Madagascar;2018;
Malawi;2018;72
Malaysia;2018;
Maldives;2018;99.6
Mali;2018;
Malta;2018;95
Marshall Islands;2018;61
Mauritania;2018;
Mauritius;2018;99
Mexico;2018;99
Micronesia (Federated States of);2018;48
Monaco;2018;79
Mongolia;2018;98.4
Montenegro;2018;85.9
Montserrat;2018;79
Morocco;2018;100
Mozambique;2018;76
Myanmar;2018;87
Namibia;2018;32
Nauru;2018;94
Nepal;2018;69
Netherlands (Kingdom of the);2018;89.47
New Caledonia;2018;91.6
New Zealand;2018;89.73
Nicaragua;2018;95
Niger;2018;48
Nigeria;2018;
Niue;2018;100
North Macedonia;2018;93.8
Northern Mariana Islands;2018;92
Norway;2018;93
occupied Palestinian territory, including east Jerusalem;2018;100
Oman;2018;100
Pakistan;2018;58
Palau;2018;75
Panama;2018;100
Papua New Guinea;2018;
Paraguay;2018;71
Peru;2018;75.23
Philippines;2018;59
Poland;2018;92.4
Portugal;2018;95.7
Qatar;2018;95.2
Republic of Korea;2018;
Republic of Moldova;2018;96
Romania;2018;80.9
Russian Federation;2018;96.99
Rwanda;2018;96
Saint Kitts and Nevis;2018;96
Saint Lucia;2018;68
Saint Vincent and the Grenadines;2018;141
Samoa;2018;28
San Marino;2018;84
Sao Tome and Principe;2018;76
Saudi Arabia;2018;97
Senegal;2018;63
Serbia;2018;89.8
Seychelles;2018;97
Sierra Leone;2018;60
Singapore;2018;84
Sint Maarten (Dutch part);2018;
Slovakia;2018;97.4
Slovenia;2018;94.3
Solomon Islands;2018;54
Somalia;2018;
South Africa;2018;74.9
South Sudan;2018;
Spain;2018;94
Sri Lanka;2018;99
Sudan;2018;71.8
Suriname;2018;39
Sweden;2018;
Switzerland;2018;90
Syrian Arab Republic;2018;71
Tajikistan;2018;97.1
Thailand;2018;86.63
Timor-Leste;2018;54.4
Togo;2018;
Tokelau;2018;
Tonga;2018;99
Trinidad and Tobago;2018;92
Tunisia;2018;99
Türkiye;2018;87
Turkmenistan;2018;99.4
Turks and Caicos Islands;2018;83
Tuvalu;2018;80.9
Uganda;2018;
Ukraine;2018;89.5
United Arab Emirates;2018;
United Kingdom of Great Britain and Northern Ireland;2018;88
United Republic of Tanzania;2018;84
United States of America;2018;94.3
Uruguay;2018;91
Uzbekistan;2018;99.9
Vanuatu;2018;
Venezuela (Bolivarian Republic of);2018;39
Viet Nam;2018;
Wallis and Futuna;2018;
Yemen;2018;54
Zambia;2018;65
Zimbabwe;2018;78
Afghanistan;2017;51
Albania;2017;97.9
Algeria;2017;98
Andorra;2017;93.52
Angola;2017;30
Anguilla;2017;69
Antigua and Barbuda;2017;95
Argentina;2017;91
Armenia;2017;97
Aruba;2017;89
Australia;2017;93.45
Austria;2017;83.9
Azerbaijan;2017;97
Bahamas;2017;76
Bahrain;2017;99.52
Bangladesh;2017;83
Barbados;2017;77
Belarus;2017;97.7
Belgium;2017;82
Belize;2017;88
Benin;2017;
Bermuda;2017;65
Bhutan;2017;
Bolivia (Plurinational State of);2017;
Bosnia and Herzegovina;2017;
Botswana;2017;96
Brazil;2017;67
British Virgin Islands;2017;76
Brunei Darussalam;2017;98
Bulgaria;2017;91.6
Burkina Faso;2017;50
Burundi;2017;75
Cabo Verde;2017;85
Cambodia;2017;
Cameroon;2017;
Canada;2017;87
Cayman Islands;2017;94
Central African Republic;2017;
Chad;2017;
Chile;2017;90.31
China;2017;
China, Hong Kong SAR;2017;95
China, Macao SAR;2017;91.4
Colombia;2017;89
Comoros;2017;
Congo;2017;
Cook Islands;2017;95
Costa Rica;2017;93
Côte d'Ivoire;2017;
Croatia;2017;95.1
Cuba;2017;100
Curaçao;2017;59
Cyprus;2017;
Czechia;2017;89.55
Democratic People's Republic of Korea;2017;97.9
Democratic Republic of the Congo;2017;
Denmark;2017;88
Djibouti;2017;
Dominica;2017;81
Dominican Republic;2017;
Ecuador;2017;73.35
Egypt;2017;93.6
El Salvador;2017;86
Equatorial Guinea;2017;
Eritrea;2017;85
Estonia;2017;91
Eswatini;2017;
Ethiopia;2017;
Fiji;2017;
Finland;2017;92
France;2017;80.1
French Polynesia;2017;97.5
Gabon;2017;
Gambia;2017;68
Georgia;2017;90
Germany;2017;92.9
Ghana;2017;83
Greece;2017;
Grenada;2017;79
Guam;2017;90
Guatemala;2017;89
Guinea;2017;
Guinea-Bissau;2017;
Guyana;2017;93
Haiti;2017;28.27
Honduras;2017;
Hungary;2017;
Iceland;2017;95
India;2017;80
Indonesia;2017;
Iran (Islamic Republic of);2017;98
Iraq;2017;88
Ireland;2017;
Israel;2017;96
Italy;2017;
Jamaica;2017;95
Japan;2017;94.9
Jordan;2017;100
Kazakhstan;2017;98.7
Kenya;2017;34.7
Kiribati;2017;79
Kuwait;2017;99
Kyrgyzstan;2017;95.7
Lao People's Democratic Republic;2017;1
Latvia;2017;88.89
Lebanon;2017;87.06
Lesotho;2017;62
Liberia;2017;
Libya;2017;
Lithuania;2017;92.3
Luxembourg;2017;86
Madagascar;2017;
Malawi;2017;67
Malaysia;2017;
Maldives;2017;99.3
Mali;2017;
Malta;2017;82.69
Marshall Islands;2017;61.7
Mauritania;2017;
Mauritius;2017;95
Mexico;2017;62
Micronesia (Federated States of);2017;52
Monaco;2017;79
Mongolia;2017;98.1
Montenegro;2017;82.81
Montserrat;2017;100
Morocco;2017;100
Mozambique;2017;60
Myanmar;2017;80
Namibia;2017;
Nauru;2017;94
Nepal;2017;59
Netherlands (Kingdom of the);2017;90.11
New Caledonia;2017;86
New Zealand;2017;90.15
Nicaragua;2017;84.15
Niger;2017;46
Nigeria;2017;
Niue;2017;100
North Macedonia;2017;97
Northern Mariana Islands;2017;
Norway;2017;91
occupied Palestinian territory, including east Jerusalem;2017;100
Oman;2017;100
Pakistan;2017;45
Palau;2017;77.22
Panama;2017;93
Papua New Guinea;2017;
Paraguay;2017;70
Peru;2017;65
Philippines;2017;61
Poland;2017;93
Portugal;2017;94.9
Qatar;2017;93
Republic of Korea;2017;
Republic of Moldova;2017;92.37
Romania;2017;74.7
Russian Federation;2017;97.05
Rwanda;2017;95.33
Saint Kitts and Nevis;2017;95
Saint Lucia;2017;73
Saint Vincent and the Grenadines;2017;112
Samoa;2017;78
San Marino;2017;
Sao Tome and Principe;2017;76
Saudi Arabia;2017;95.5
Senegal;2017;55.1
Serbia;2017;90.9
Seychelles;2017;100
Sierra Leone;2017;55
Singapore;2017;89.97
Sint Maarten (Dutch part);2017;
Slovakia;2017;97.4
Slovenia;2017;94.2
Solomon Islands;2017;
Somalia;2017;
South Africa;2017;77.5
South Sudan;2017;
Spain;2017;92.7
Sri Lanka;2017;99
Sudan;2017;72.4
Suriname;2017;70
Sweden;2017;95
Switzerland;2017;90
Syrian Arab Republic;2017;76
Tajikistan;2017;97.5
Thailand;2017;95.3
Timor-Leste;2017;69
Togo;2017;
Tokelau;2017;
Tonga;2017;99
Trinidad and Tobago;2017;90
Tunisia;2017;97
Türkiye;2017;86
Turkmenistan;2017;99.4
Turks and Caicos Islands;2017;86
Tuvalu;2017;93.5
Uganda;2017;
Ukraine;2017;83.5
United Arab Emirates;2017;
United Kingdom of Great Britain and Northern Ireland;2017;88
United Republic of Tanzania;2017;79
United States of America;2017;
Uruguay;2017;
Uzbekistan;2017;99.9
Vanuatu;2017;
Venezuela (Bolivarian Republic of);2017;59
Viet Nam;2017;
Wallis and Futuna;2017;
Yemen;2017;54
Zambia;2017;64
Zimbabwe;2017;78
Afghanistan;2016;51.4
Albania;2016;97.7
Algeria;2016;98
Andorra;2016;90.27
Angola;2016;26
Antigua and Barbuda;2016;68.24
Argentina;2016;88.08
Armenia;2016;96.99
Australia;2016;94
Austria;2016;89
Azerbaijan;2016;97.7
Bahamas;2016;74.41
Bahrain;2016;100
Bangladesh;2016;80.5
Barbados;2016;86.58
Belarus;2016;97.5
Belgium;2016;82
Belize;2016;96.27
Benin;2016;
Bhutan;2016;90
Bolivia (Plurinational State of);2016;47.67
Bosnia and Herzegovina;2016;
Botswana;2016;74
Brazil;2016;76.71
Brunei Darussalam;2016;97
Bulgaria;2016;88.3
Burkina Faso;2016;50
Burundi;2016;72
Cabo Verde;2016;91.5
Cambodia;2016;105.01
Cameroon;2016;
Canada;2016;86
Central African Republic;2016;
Chad;2016;
Chile;2016;87.37
China;2016;
China, Hong Kong SAR;2016;95
China, Macao SAR;2016;91.5
Colombia;2016;86.7
Comoros;2016;
Congo;2016;
Cook Islands;2016;90
Costa Rica;2016;86.84
Côte d'Ivoire;2016;
Croatia;2016;96
Cuba;2016;99.97
Cyprus;2016;
Czechia;2016;93.46
Democratic People's Republic of Korea;2016;98.2
Democratic Republic of the Congo;2016;
Denmark;2016;85
Djibouti;2016;
Dominica;2016;92.47
Dominican Republic;2016;
Ecuador;2016;63.66
Egypt;2016;
El Salvador;2016;87.42
Equatorial Guinea;2016;
Eritrea;2016;85
Estonia;2016;91.5
Eswatini;2016;88
Ethiopia;2016;
Fiji;2016;95
Finland;2016;84.83
France;2016;80
French Polynesia;2016;97
Gabon;2016;
Gambia;2016;79
Georgia;2016;85
Germany;2016;92.8
Ghana;2016;74.6
Greece;2016;
Grenada;2016;85.06
Guam;2016;
Guatemala;2016;67
Guinea;2016;
Guinea-Bissau;2016;
Guyana;2016;94
Haiti;2016;29.67
Honduras;2016;
Hungary;2016;
Iceland;2016;95
India;2016;76
Indonesia;2016;55
Iran (Islamic Republic of);2016;98
Iraq;2016;77.6
Ireland;2016;
Israel;2016;97
Italy;2016;
Jamaica;2016;85
Japan;2016;93.3
Jordan;2016;100
Kazakhstan;2016;99.3
Kenya;2016;32
Kiribati;2016;
Kuwait;2016;98.7
Kyrgyzstan;2016;97.5
Lao People's Democratic Republic;2016;
Latvia;2016;88.7
Lebanon;2016;71
Lesotho;2016;49
Liberia;2016;
Libya;2016;96
Lithuania;2016;92
Luxembourg;2016;85.6
Madagascar;2016;
Malawi;2016;61
Malaysia;2016;
Maldives;2016;99.3
Mali;2016;
Malta;2016;85.7
Marshall Islands;2016;48.68
Mauritania;2016;
Mauritius;2016;92
Mexico;2016;98.3
Micronesia (Federated States of);2016;45
Mongolia;2016;89.7
Montenegro;2016;86.4
Morocco;2016;99
Mozambique;2016;
Myanmar;2016;86
Namibia;2016;
Nauru;2016;
Nepal;2016;24.86
Netherlands (Kingdom of the);2016;90.87
New Caledonia;2016;86
New Zealand;2016;89
Nicaragua;2016;
Niger;2016;31
Nigeria;2016;
Niue;2016;100
North Macedonia;2016;93.3
Northern Mariana Islands;2016;72
Norway;2016;91
Oman;2016;
Pakistan;2016;45
Palau;2016;95
Panama;2016;102.49
Papua New Guinea;2016;
Paraguay;2016;75
Peru;2016;67.51
Philippines;2016;61
Poland;2016;93.4
Portugal;2016;94.7
Qatar;2016;92
Republic of Korea;2016;
Republic of Moldova;2016;94.8
Romania;2016;76.3
Russian Federation;2016;96.94
Rwanda;2016;90
Saint Kitts and Nevis;2016;95.8
Saint Lucia;2016;88.37
Saint Vincent and the Grenadines;2016;100
Samoa;2016;59
San Marino;2016;81
Sao Tome and Principe;2016;76
Saudi Arabia;2016;96
Senegal;2016;75
Serbia;2016;89.5
Seychelles;2016;100
Sierra Leone;2016;50
Singapore;2016;87.91
Slovakia;2016;97.4
Slovenia;2016;93
Solomon Islands;2016;
Somalia;2016;
South Africa;2016;88
South Sudan;2016;
Spain;2016;94.62
Sri Lanka;2016;99
Sudan;2016;68.6
Suriname;2016;43.13
Sweden;2016;95
Switzerland;2016;87.49
Syrian Arab Republic;2016;69
Tajikistan;2016;97.2
Thailand;2016;95.3
Timor-Leste;2016;30
Togo;2016;
Tonga;2016;99
Trinidad and Tobago;2016;64.68
Tunisia;2016;97
Türkiye;2016;85
Turkmenistan;2016;99.2
Tuvalu;2016;92
Uganda;2016;
Ukraine;2016;30.63
United Arab Emirates;2016;
United Kingdom of Great Britain and Northern Ireland;2016;89
United Republic of Tanzania;2016;71
United States of America;2016;94
Uruguay;2016;92.04
Uzbekistan;2016;99.9
Vanuatu;2016;
Venezuela (Bolivarian Republic of);2016;53.46
Viet Nam;2016;
Wallis and Futuna;2016;121
Yemen;2016;56.58
Zambia;2016;59
Zimbabwe;2016;78
Afghanistan;2015;60
Albania;2015;97.8
Algeria;2015;100
Andorra;2015;88.08
Angola;2015;26
Antigua and Barbuda;2015;
Argentina;2015;87
Armenia;2015;97.14
Australia;2015;93
Austria;2015;
Azerbaijan;2015;97.9
Bahamas;2015;76
Bahrain;2015;100
Bangladesh;2015;70.4
Barbados;2015;88.97
Belarus;2015;99.1
Belgium;2015;80.5
Belize;2015;94.97
Benin;2015;
Bhutan;2015;
Bolivia (Plurinational State of);2015;
Bosnia and Herzegovina;2015;
Botswana;2015;70.2
Brazil;2015;79.94
Brunei Darussalam;2015;97
Bulgaria;2015;86.9
Burkina Faso;2015;50
Burundi;2015;65
Cabo Verde;2015;95.02
Cambodia;2015;72
Cameroon;2015;
Canada;2015;86
Central African Republic;2015;
Chad;2015;
Chile;2015;89
China;2015;
China, Hong Kong SAR;2015;95
China, Macao SAR;2015;90.9
Colombia;2015;85.65
Comoros;2015;
Congo;2015;
Cook Islands;2015;95
Costa Rica;2015;90
Côte d'Ivoire;2015;
Croatia;2015;95.92
Cuba;2015;102.68
Cyprus;2015;
Czechia;2015;98.51
Democratic People's Republic of Korea;2015;97.4
Democratic Republic of the Congo;2015;
Denmark;2015;80
Djibouti;2015;
Dominica;2015;94.47
Dominican Republic;2015;
Ecuador;2015;76.25
Egypt;2015;92.2
El Salvador;2015;87.55
Equatorial Guinea;2015;
Eritrea;2015;75
Estonia;2015;92.08
Eswatini;2015;72.9
Ethiopia;2015;
Fiji;2015;100
Finland;2015;
France;2015;79
French Polynesia;2015;98
Gabon;2015;
Gambia;2015;77
Georgia;2015;91
Germany;2015;92.8
Ghana;2015;63.2
Greece;2015;
Grenada;2015;88.8
Guam;2015;
Guatemala;2015;
Guinea;2015;
Guinea-Bissau;2015;
Guyana;2015;95.01
Haiti;2015;
Honduras;2015;
Hungary;2015;
Iceland;2015;94
India;2015;69
Indonesia;2015;
Iran (Islamic Republic of);2015;98
Iraq;2015;76
Ireland;2015;
Israel;2015;96.8
Italy;2015;83
Jamaica;2015;83.12
Japan;2015;93
Jordan;2015;96
Kazakhstan;2015;98
Kenya;2015;27.77
Kiribati;2015;76
Kuwait;2015;95.5
Kyrgyzstan;2015;95.6
Lao People's Democratic Republic;2015;
Latvia;2015;92.03
Lebanon;2015;67.62
Lesotho;2015;66
Liberia;2015;
Libya;2015;97
Lithuania;2015;91.5
Luxembourg;2015;85.6
Madagascar;2015;
Malawi;2015;8
Malaysia;2015;99
Maldives;2015;99.5
Mali;2015;
Malta;2015;90.81
Marshall Islands;2015;70
Mauritania;2015;
Mauritius;2015;96
Mexico;2015;96.13
Micronesia (Federated States of);2015;74
Mongolia;2015;97.7
Montenegro;2015;93.5
Morocco;2015;95
Mozambique;2015;
Myanmar;2015;78
Namibia;2015;
Nauru;2015;96
Nepal;2015;
Netherlands (Kingdom of the);2015;92
New Caledonia;2015;86
New Zealand;2015;87
Nicaragua;2015;
Niger;2015;16
Nigeria;2015;
Niue;2015;100
North Macedonia;2015;93.4
Norway;2015;91
Oman;2015;98
Pakistan;2015;35
Palau;2015;82
Panama;2015;92.2
Papua New Guinea;2015;
Paraguay;2015;60.1
Peru;2015;63.04
Philippines;2015;84
Poland;2015;94.1
Portugal;2015;94.9
Qatar;2015;91.13
Republic of Korea;2015;
Republic of Moldova;2015;89.7
Romania;2015;
Russian Federation;2015;97.25
Rwanda;2015;87.14
Saint Kitts and Nevis;2015;90.45
Saint Lucia;2015;95.11
Saint Vincent and the Grenadines;2015;99.4
Samoa;2015;63
San Marino;2015;86.1
Sao Tome and Principe;2015;75.8
Saudi Arabia;2015;96.2
Senegal;2015;54
Serbia;2015;86.5
Seychelles;2015;97.5
Sierra Leone;2015;60
Singapore;2015;90
Slovakia;2015;97.6
Slovenia;2015;95.8
Solomon Islands;2015;
Somalia;2015;
South Africa;2015;83.74
South Sudan;2015;
Spain;2015;94.5
Sri Lanka;2015;99
Sudan;2015;69
Suriname;2015;27.8
Sweden;2015;95
Switzerland;2015;87
Syrian Arab Republic;2015;64
Tajikistan;2015;94
Thailand;2015;95.3
Timor-Leste;2015;
Togo;2015;
Tokelau;2015;100
Tonga;2015;99
Trinidad and Tobago;2015;78.61
Tunisia;2015;98
Türkiye;2015;86
Turkmenistan;2015;99.7
Tuvalu;2015;86
Uganda;2015;
Ukraine;2015;57.39
United Arab Emirates;2015;100
United Kingdom of Great Britain and Northern Ireland;2015;89.3
United Republic of Tanzania;2015;57
United States of America;2015;
Uruguay;2015;93
Uzbekistan;2015;99.9
Vanuatu;2015;
Venezuela (Bolivarian Republic of);2015;52
Viet Nam;2015;
Yemen;2015;49
Zambia;2015;47
Zimbabwe;2015;
Afghanistan;2014;60
Albania;2014;97.8
Algeria;2014;100
Andorra;2014;90.32
Angola;2014;
Antigua and Barbuda;2014;100.48
Argentina;2014;96
Armenia;2014;96.8
Australia;2014;92.55
Austria;2014;87
Azerbaijan;2014;98
Bahamas;2014;72
Bahrain;2014;100
Bangladesh;2014;70.4
Barbados;2014;91
Belarus;2014;97.5
Belgium;2014;80.5
Belize;2014;92
Benin;2014;
Bhutan;2014;
Bolivia (Plurinational State of);2014;
Bosnia and Herzegovina;2014;91.5
Botswana;2014;85
Brazil;2014;89
Brunei Darussalam;2014;
Bulgaria;2014;88.6
Burkina Faso;2014;
Burundi;2014;60
Cabo Verde;2014;79.41
Cambodia;2014;73
Cameroon;2014;
Canada;2014;86
Central African Republic;2014;
Chad;2014;
Chile;2014;88
China;2014;
China, Hong Kong SAR;2014;95
China, Macao SAR;2014;90.6
Colombia;2014;87.78
Comoros;2014;
Congo;2014;
Cook Islands;2014;98
Costa Rica;2014;90
Côte d'Ivoire;2014;
Croatia;2014;96.8
Cuba;2014;102
Cyprus;2014;
Czechia;2014;96.22
Democratic People's Republic of Korea;2014;98.9
Democratic Republic of the Congo;2014;
Denmark;2014;84
Djibouti;2014;
Dominica;2014;89
Dominican Republic;2014;
Ecuador;2014;59
Egypt;2014;93.4
El Salvador;2014;85
Equatorial Guinea;2014;
Eritrea;2014;
Estonia;2014;93.3
Eswatini;2014;89
Ethiopia;2014;
Fiji;2014;92
France;2014;77
French Polynesia;2014;99
Gabon;2014;
Gambia;2014;73
Georgia;2014;86.6
Germany;2014;92.6
Ghana;2014;67
Greece;2014;
Grenada;2014;92
Guam;2014;
Guatemala;2014;
Guinea;2014;
Guinea-Bissau;2014;
Guyana;2014;91
Haiti;2014;
Honduras;2014;
Hungary;2014;
Iceland;2014;93
Indonesia;2014;
Iran (Islamic Republic of);2014;98
Iraq;2014;
Ireland;2014;
Israel;2014;96
Italy;2014;83
Jamaica;2014;72
Japan;2014;93.7
Jordan;2014;
Kazakhstan;2014;99
Kenya;2014;
Kiribati;2014;
Kuwait;2014;86.4
Kyrgyzstan;2014;96.8
Lao People's Democratic Republic;2014;
Latvia;2014;89
Lebanon;2014;69
Lesotho;2014;54
Liberia;2014;
Libya;2014;97
Lithuania;2014;91.79
Luxembourg;2014;85.5
Madagascar;2014;
Malawi;2014;
Malaysia;2014;
Maldives;2014;97.3
Mali;2014;
Malta;2014;94.25
Marshall Islands;2014;53
Mauritania;2014;
Mauritius;2014;85
Mexico;2014;96
Micronesia (Federated States of);2014;78
Mongolia;2014;98.1
Montenegro;2014;95.2
Morocco;2014;95
Mozambique;2014;
Myanmar;2014;82
Namibia;2014;
Nauru;2014;49
Nepal;2014;
Netherlands (Kingdom of the);2014;92.65
New Caledonia;2014;85.6
New Zealand;2014;86.25
Nicaragua;2014;
Niger;2014;3
Nigeria;2014;
North Macedonia;2014;95.7
Norway;2014;92
Oman;2014;
Pakistan;2014;33
Palau;2014;81
Panama;2014;90
Papua New Guinea;2014;
Paraguay;2014;64
Peru;2014;44
Philippines;2014;53
Poland;2014;94.8
Portugal;2014;95.7
Qatar;2014;95
Republic of Korea;2014;
Republic of Moldova;2014;93.4
Romania;2014;
Russian Federation;2014;96.86
Rwanda;2014;77
Saint Kitts and Nevis;2014;90
Saint Lucia;2014;79
Saint Vincent and the Grenadines;2014;98
Samoa;2014;
San Marino;2014;86.4
Sao Tome and Principe;2014;71
Saudi Arabia;2014;97.7
Senegal;2014;13
Serbia;2014;91
Seychelles;2014;98.1
Sierra Leone;2014;
Singapore;2014;90
Slovakia;2014;98.1
Slovenia;2014;94
Solomon Islands;2014;
Somalia;2014;
South Africa;2014;80.87
South Sudan;2014;
Spain;2014;93
Sri Lanka;2014;99
Sudan;2014;61
Suriname;2014;18
Sweden;2014;95.4
Switzerland;2014;87.06
Syrian Arab Republic;2014;66
Tajikistan;2014;97.7
Thailand;2014;94
Timor-Leste;2014;
Togo;2014;
Tokelau;2014;100
Tonga;2014;95
Trinidad and Tobago;2014;93
Tunisia;2014;95
Türkiye;2014;88
Turkmenistan;2014;99.3
Tuvalu;2014;91.2
Uganda;2014;
United Arab Emirates;2014;
United Kingdom of Great Britain and Northern Ireland;2014;89
United Republic of Tanzania;2014;29
United States of America;2014;
Uruguay;2014;93
Uzbekistan;2014;99.8
Vanuatu;2014;
Venezuela (Bolivarian Republic of);2014;50
Viet Nam;2014;
Yemen;2014;53.25
Zambia;2014;33
Zimbabwe;2014;
Afghanistan;2013;56
Albania;2013;98.7
Algeria;2013;93
Andorra;2013;91.1
Angola;2013;
Antigua and Barbuda;2013;87.3
Argentina;2013;83.4
Armenia;2013;97.04
Australia;2013;92.24
Azerbaijan;2013;98.4
Bahamas;2013;68.9
Bahrain;2013;99.6
Bangladesh;2013;
Barbados;2013;
Belarus;2013;99
Belgium;2013;80.5
Belize;2013;92
Benin;2013;
Bhutan;2013;
Bolivia (Plurinational State of);2013;
Botswana;2013;82
Brazil;2013;69
Brunei Darussalam;2013;92
Bulgaria;2013;93.5
Burkina Faso;2013;
Burundi;2013;51
Cabo Verde;2013;88.87
Cambodia;2013;63.47
Cameroon;2013;
Canada;2013;86
Central African Republic;2013;
Chad;2013;
Chile;2013;77.7
China;2013;
China, Hong Kong SAR;2013;95
China, Macao SAR;2013;89.2
Colombia;2013;72.3
Comoros;2013;
Congo;2013;
Cook Islands;2013;95
Costa Rica;2013;92
Côte d'Ivoire;2013;
Croatia;2013;97.1
Cuba;2013;102.6
Cyprus;2013;
Czechia;2013;98.51
Democratic People's Republic of Korea;2013;98.9
Democratic Republic of the Congo;2013;
Denmark;2013;86
Djibouti;2013;
Dominica;2013;90.6
Dominican Republic;2013;
Ecuador;2013;83
Egypt;2013;96.2
El Salvador;2013;85
Equatorial Guinea;2013;
Eritrea;2013;
Estonia;2013;92.3
Eswatini;2013;89.4
Ethiopia;2013;
Fiji;2013;98
Finland;2013;
France;2013;75
French Polynesia;2013;
Gabon;2013;
Gambia;2013;53
Georgia;2013;88.7
Germany;2013;92.4
Ghana;2013;54
Greece;2013;83.3
Grenada;2013;85.4
Guatemala;2013;
Guinea;2013;
Guinea-Bissau;2013;
Guyana;2013;95
Haiti;2013;
Honduras;2013;
Hungary;2013;
Iceland;2013;94.2
India;2013;41.92
Indonesia;2013;
Iran (Islamic Republic of);2013;97
Iraq;2013;70.7
Israel;2013;95
Italy;2013;84
Jamaica;2013;71.4
Japan;2013;92.8
Jordan;2013;98
Kazakhstan;2013;99.2
Kenya;2013;
Kiribati;2013;84
Kuwait;2013;
Kyrgyzstan;2013;97.3
Lao People's Democratic Republic;2013;
Latvia;2013;92
Lebanon;2013;78.76
Lesotho;2013;
Liberia;2013;0
Lithuania;2013;92.47
Luxembourg;2013;85.5
Madagascar;2013;
Malawi;2013;
Malaysia;2013;
Maldives;2013;98.6
Mali;2013;
Malta;2013;88
Marshall Islands;2013;42.3
Mauritania;2013;
Mauritius;2013;85
Mexico;2013;75.7
Micronesia (Federated States of);2013;74.62
Mongolia;2013;96.68
Montenegro;2013;97
Morocco;2013;
Mozambique;2013;
Myanmar;2013;80
Namibia;2013;
Nepal;2013;
Netherlands (Kingdom of the);2013;92.41
New Caledonia;2013;85.6
New Zealand;2013;85.75
Nicaragua;2013;
Niger;2013;
Nigeria;2013;
Niue;2013;100
North Macedonia;2013;96
Northern Mariana Islands;2013;
Norway;2013;91
Oman;2013;
Pakistan;2013;31
Palau;2013;98.21
Panama;2013;68.1
Papua New Guinea;2013;
Paraguay;2013;63.8
Peru;2013;8.13
Philippines;2013;54
Poland;2013;93.2
Portugal;2013;96
Qatar;2013;100
Republic of Korea;2013;
Republic of Moldova;2013;94.3
Romania;2013;88.4
Russian Federation;2013;97
Rwanda;2013;
Saint Kitts and Nevis;2013;94
Saint Lucia;2013;62.3
Saint Vincent and the Grenadines;2013;96.1
Samoa;2013;87
San Marino;2013;85.1
Sao Tome and Principe;2013;
Saudi Arabia;2013;98.5
Senegal;2013;
Serbia;2013;82
Seychelles;2013;97
Sierra Leone;2013;
Singapore;2013;90
Slovakia;2013;99
Slovenia;2013;95
Solomon Islands;2013;0
Somalia;2013;
South Africa;2013;74.63
South Sudan;2013;
Spain;2013;90.7
Sri Lanka;2013;99
Sudan;2013;57
Suriname;2013;17.56
Sweden;2013;95.2
Switzerland;2013;86
Syrian Arab Republic;2013;75
Tajikistan;2013;
Thailand;2013;93.8
Timor-Leste;2013;
Togo;2013;
Tokelau;2013;100
Tonga;2013;99.6
Trinidad and Tobago;2013;86.1
Tunisia;2013;98
Türkiye;2013;98
Turkmenistan;2013;99.3
Tuvalu;2013;84
Uganda;2013;
United Kingdom of Great Britain and Northern Ireland;2013;88
United Republic of Tanzania;2013;
United States of America;2013;
Uruguay;2013;91.6
Uzbekistan;2013;
Vanuatu;2013;0
Venezuela (Bolivarian Republic of);2013;38.32
Viet Nam;2013;
Yemen;2013;55
Zambia;2013;
Zimbabwe;2013;
Afghanistan;2012;54
Albania;2012;98.6
Algeria;2012;
Andorra;2012;88.71
Angola;2012;
Antigua and Barbuda;2012;90
Argentina;2012;89
Armenia;2012;97.4
Australia;2012;91.2
Austria;2012;
Azerbaijan;2012;97.5
Bahamas;2012;73
Bahrain;2012;99.74
Bangladesh;2012;22
Barbados;2012;90
Belarus;2012;97.4
Belgium;2012;80.5
Belize;2012;93
Benin;2012;
Bhutan;2012;90
Bolivia (Plurinational State of);2012;
Bosnia and Herzegovina;2012;94
Botswana;2012;
Brazil;2012;70
Brunei Darussalam;2012;
Bulgaria;2012;94
Burkina Faso;2012;
Burundi;2012;
Cabo Verde;2012;93.5
Cambodia;2012;81.8
Cameroon;2012;
Canada;2012;83
Central African Republic;2012;
Chad;2012;
Chile;2012;73.8
China;2012;
China, Hong Kong SAR;2012;95
China, Macao SAR;2012;89.2
Colombia;2012;80
Comoros;2012;
Congo;2012;
Cook Islands;2012;98
Costa Rica;2012;95
Côte d'Ivoire;2012;
Croatia;2012;97
Cuba;2012;102.3
Cyprus;2012;
Czechia;2012;98.51
Democratic People's Republic of Korea;2012;98.7
Democratic Republic of the Congo;2012;
Denmark;2012;87
Djibouti;2012;82
Dominica;2012;93.9
Dominican Republic;2012;
Ecuador;2012;54.55
Egypt;2012;92
El Salvador;2012;95
Equatorial Guinea;2012;
Eritrea;2012;
Estonia;2012;94
Eswatini;2012;52
Ethiopia;2012;
Fiji;2012;
France;2012;72
French Polynesia;2012;99.3
Gabon;2012;
Gambia;2012;
Georgia;2012;79
Germany;2012;92.1
Ghana;2012;52
Greece;2012;83.3
Grenada;2012;74.8
Guatemala;2012;
Guinea;2012;
Guinea-Bissau;2012;
Guyana;2012;90
Haiti;2012;
Honduras;2012;
Hungary;2012;
Iceland;2012;97
India;2012;50
Indonesia;2012;81
Iran (Islamic Republic of);2012;97
Iraq;2012;82.1
Ireland;2012;
Israel;2012;89
Italy;2012;
Jamaica;2012;75.6
Japan;2012;92.2
Jordan;2012;96
Kazakhstan;2012;97.1
Kenya;2012;
Kiribati;2012;9.3
Kuwait;2012;99
Kyrgyzstan;2012;98.4
Lao People's Democratic Republic;2012;9.2
Latvia;2012;92
Lebanon;2012;88
Lesotho;2012;
Liberia;2012;0
Libya;2012;97
Lithuania;2012;93
Luxembourg;2012;85.5
Madagascar;2012;
Malawi;2012;
Malaysia;2012;
Maldives;2012;99
Mali;2012;
Malta;2012;90.9
Marshall Islands;2012;58
Mauritania;2012;
Mauritius;2012;90
Mexico;2012;91.8
Micronesia (Federated States of);2012;69.75
Mongolia;2012;98.3
Montenegro;2012;97.2
Morocco;2012;10
Mozambique;2012;
Myanmar;2012;
Namibia;2012;
Nauru;2012;81
Nepal;2012;
Netherlands (Kingdom of the);2012;92.9
New Caledonia;2012;85.6
New Zealand;2012;85.46
Nicaragua;2012;
Niger;2012;
Nigeria;2012;
Niue;2012;98
North Macedonia;2012;95.5
Norway;2012;91
Oman;2012;
Pakistan;2012;32
Palau;2012;86
Panama;2012;72.3
Papua New Guinea;2012;
Paraguay;2012;62.1
Peru;2012;63.3
Philippines;2012;42
Poland;2012;94.7
Portugal;2012;96
Qatar;2012;104
Republic of Korea;2012;97
Republic of Moldova;2012;95
Romania;2012;
Russian Federation;2012;97.45
Rwanda;2012;
Saint Kitts and Nevis;2012;89.9
Saint Lucia;2012;79.9
Saint Vincent and the Grenadines;2012;91.9
Samoa;2012;67.35
San Marino;2012;89.3
Sao Tome and Principe;2012;
Saudi Arabia;2012;98
Senegal;2012;
Serbia;2012;90
Seychelles;2012;99
Sierra Leone;2012;
Singapore;2012;95.35
Slovakia;2012;99
Slovenia;2012;96
Solomon Islands;2012;101.62
Somalia;2012;
South Africa;2012;76.89
South Sudan;2012;
Spain;2012;90.3
Sri Lanka;2012;99
Sudan;2012;24
Suriname;2012;
Sweden;2012;95.1
Switzerland;2012;86
Syrian Arab Republic;2012;70
Tajikistan;2012;
Thailand;2012;91.2
Timor-Leste;2012;
Togo;2012;
Tokelau;2012;100
Tonga;2012;95
Trinidad and Tobago;2012;85
Tunisia;2012;96
Türkiye;2012;
Turkmenistan;2012;99.2
Tuvalu;2012;93.1
Uganda;2012;
Ukraine;2012;54
United Arab Emirates;2012;105
United Kingdom of Great Britain and Northern Ireland;2012;87
United Republic of Tanzania;2012;
United States of America;2012;
Uruguay;2012;
Uzbekistan;2012;99.9
Vanuatu;2012;
Venezuela (Bolivarian Republic of);2012;32.57
Viet Nam;2012;
Yemen;2012;48
Zambia;2012;
Zimbabwe;2012;
Afghanistan;2011;48
Albania;2011;99
Algeria;2011;96
American Samoa;2011;65
Andorra;2011;82.4
Angola;2011;
Antigua and Barbuda;2011;89
Argentina;2011;90.7
Armenia;2011;98
Australia;2011;89.84
Austria;2011;
Azerbaijan;2011;97.5
Bahamas;2011;78.83
Bahrain;2011;96
Bangladesh;2011;
Barbados;2011;93.6
Belarus;2011;99
Belgium;2011;83
Belize;2011;98
Benin;2011;
Bhutan;2011;95
Bolivia (Plurinational State of);2011;
Bosnia and Herzegovina;2011;
Botswana;2011;
Brazil;2011;71
Brunei Darussalam;2011;
Bulgaria;2011;94
Burkina Faso;2011;
Burundi;2011;
Cabo Verde;2011;99
Cambodia;2011;
Cameroon;2011;
Canada;2011;
Central African Republic;2011;
Chad;2011;
Chile;2011;76.8
China;2011;
China, Hong Kong SAR;2011;95
Colombia;2011;75.8
Comoros;2011;
Congo;2011;
Cook Islands;2011;96
Costa Rica;2011;79.7
Côte d'Ivoire;2011;
Croatia;2011;98
Cuba;2011;95.2
Cyprus;2011;
Czechia;2011;98.33
Democratic People's Republic of Korea;2011;98.6
Democratic Republic of the Congo;2011;
Denmark;2011;86
Djibouti;2011;
Dominica;2011;104.8
Dominican Republic;2011;
Ecuador;2011;92
Egypt;2011;97
El Salvador;2011;81
Equatorial Guinea;2011;
Eritrea;2011;
Estonia;2011;95
Eswatini;2011;
Ethiopia;2011;
Fiji;2011;
Finland;2011;
France;2011;67
French Polynesia;2011;84
Gabon;2011;
Gambia;2011;
Georgia;2011;77.3
Germany;2011;91.5
Ghana;2011;
Greece;2011;77.1
Grenada;2011;85.2
Guam;2011;
Guatemala;2011;
Guinea;2011;
Guinea-Bissau;2011;
Guyana;2011;84
Haiti;2011;
Honduras;2011;
Hungary;2011;
Iceland;2011;90
India;2011;30
Indonesia;2011;85.4
Iran (Islamic Republic of);2011;99
Iraq;2011;90.9
Ireland;2011;
Israel;2011;97
Italy;2011;
Jamaica;2011;59.8
Japan;2011;
Jordan;2011;95
Kazakhstan;2011;99.3
Kenya;2011;
Kiribati;2011;
Kuwait;2011;99
Kyrgyzstan;2011;98.1
Lao People's Democratic Republic;2011;
Latvia;2011;92
Lebanon;2011;85.9
Lesotho;2011;
Liberia;2011;0
Lithuania;2011;
Luxembourg;2011;
Madagascar;2011;0
Malawi;2011;
Malaysia;2011;95
Maldives;2011;
Mali;2011;
Malta;2011;85.1
Marshall Islands;2011;
Mauritania;2011;
Mauritius;2011;89
Mexico;2011;96.59
Micronesia (Federated States of);2011;75
Mongolia;2011;98.3
Montenegro;2011;
Morocco;2011;
Mozambique;2011;
Myanmar;2011;80
Namibia;2011;
Nauru;2011;100
Nepal;2011;
Netherlands (Kingdom of the);2011;92.59
New Zealand;2011;86.19
Nicaragua;2011;
Niger;2011;0
Nigeria;2011;
Niue;2011;98
North Macedonia;2011;97.7
Norway;2011;94
Oman;2011;
Pakistan;2011;31
Palau;2011;
Panama;2011;81
Papua New Guinea;2011;
Paraguay;2011;64.53
Peru;2011;70.1
Philippines;2011;36
Poland;2011;95
Portugal;2011;96
Qatar;2011;101.6
Republic of Korea;2011;98.3
Republic of Moldova;2011;96.5
Romania;2011;90.7
Russian Federation;2011;97.2
Rwanda;2011;
Saint Kitts and Nevis;2011;100.8
Saint Lucia;2011;71.6
Saint Vincent and the Grenadines;2011;103.7
Samoa;2011;65
San Marino;2011;91.9
Sao Tome and Principe;2011;
Saudi Arabia;2011;96.7
Senegal;2011;
Serbia;2011;90
Seychelles;2011;101
Sierra Leone;2011;
Singapore;2011;96.19
Slovakia;2011;99.1
Slovenia;2011;96
Solomon Islands;2011;
Somalia;2011;
South Africa;2011;75.4
South Sudan;2011;
Spain;2011;91.2
Sri Lanka;2011;99
Sudan;2011;
Suriname;2011;
Sweden;2011;95.1
Switzerland;2011;86
Syrian Arab Republic;2011;
Tajikistan;2011;
Thailand;2011;91.2
Timor-Leste;2011;
Togo;2011;
Tokelau;2011;100
Tonga;2011;99.3
Trinidad and Tobago;2011;106.5
Tunisia;2011;96
Türkiye;2011;86
Turkmenistan;2011;
Tuvalu;2011;89.6
Uganda;2011;
Ukraine;2011;56
United Kingdom of Great Britain and Northern Ireland;2011;85
United Republic of Tanzania;2011;
Uruguay;2011;
Uzbekistan;2011;99.7
Vanuatu;2011;
Venezuela (Bolivarian Republic of);2011;25.78
Viet Nam;2011;
Yemen;2011;53.88
Zambia;2011;
Zimbabwe;2011;
Afghanistan;2010;46
Albania;2010;98.5
Algeria;2010;95
Andorra;2010;85.55
Angola;2010;
Antigua and Barbuda;2010;
Argentina;2010;94
Armenia;2010;97
Australia;2010;88.42
Austria;2010;
Azerbaijan;2010;97.5
Bahamas;2010;46.6
Bahrain;2010;98.2
Bangladesh;2010;
Barbados;2010;96.04
Belarus;2010;99.1
Belgium;2010;83
Belize;2010;91
Benin;2010;
Bhutan;2010;
Bolivia (Plurinational State of);2010;
Bosnia and Herzegovina;2010;91.2
Botswana;2010;
Brazil;2010;53.48
Brunei Darussalam;2010;
Bulgaria;2010;95.7
Burkina Faso;2010;
Burundi;2010;
Cabo Verde;2010;
Cambodia;2010;
Cameroon;2010;
Canada;2010;
Central African Republic;2010;
Chad;2010;
Chile;2010;83.67
China;2010;
China, Hong Kong SAR;2010;
Colombia;2010;74
Comoros;2010;
Congo;2010;
Cook Islands;2010;98
Costa Rica;2010;79
Côte d'Ivoire;2010;
Croatia;2010;98
Cuba;2010;98.2
Cyprus;2010;88
Czechia;2010;98.02
Democratic People's Republic of Korea;2010;98.8
Democratic Republic of the Congo;2010;
Denmark;2010;85
Djibouti;2010;
Dominica;2010;114
Dominican Republic;2010;
Ecuador;2010;90.9
Egypt;2010;96.9
El Salvador;2010;78
Equatorial Guinea;2010;
Eritrea;2010;
Estonia;2010;95
Eswatini;2010;96
Ethiopia;2010;
Fiji;2010;
Finland;2010;
France;2010;61
French Polynesia;2010;84
Gabon;2010;
Gambia;2010;
Georgia;2010;83.8
Germany;2010;90
Ghana;2010;
Greece;2010;
Grenada;2010;86
Guatemala;2010;
Guinea;2010;
Guinea-Bissau;2010;
Guyana;2010;82
Haiti;2010;
Honduras;2010;
Hungary;2010;
Iceland;2010;
India;2010;
Indonesia;2010;85.4
Iran (Islamic Republic of);2010;99
Iraq;2010;90.6
Ireland;2010;
Israel;2010;93
Italy;2010;
Jamaica;2010;56.5
Japan;2010;
Jordan;2010;95
Kazakhstan;2010;100
Kenya;2010;
Kiribati;2010;21
Kuwait;2010;99
Kyrgyzstan;2010;97.7
Lao People's Democratic Republic;2010;
Latvia;2010;93
Lebanon;2010;89
Lesotho;2010;
Liberia;2010;
Lithuania;2010;95
Luxembourg;2010;
Madagascar;2010;
Malawi;2010;
Malaysia;2010;95
Maldives;2010;
Mali;2010;
Malta;2010;97.21
Marshall Islands;2010;90.24
Mauritania;2010;
Mauritius;2010;90
Mexico;2010;91
Micronesia (Federated States of);2010;75
Mongolia;2010;94.9
Montenegro;2010;
Morocco;2010;
Mozambique;2010;
Myanmar;2010;75
Namibia;2010;
Nauru;2010;100
Nepal;2010;
Netherlands (Kingdom of the);2010;92.1
New Zealand;2010;
Nicaragua;2010;
Niger;2010;0
Nigeria;2010;
Niue;2010;100
North Macedonia;2010;98.9
Norway;2010;97
occupied Palestinian territory, including east Jerusalem;2010;
Oman;2010;
Pakistan;2010;31
Palau;2010;
Panama;2010;73.2
Papua New Guinea;2010;
Paraguay;2010;64.1
Peru;2010;56.5
Philippines;2010;10
Poland;2010;93.8
Portugal;2010;95
Qatar;2010;98
Republic of Korea;2010;98.4
Republic of Moldova;2010;98
Romania;2010;92.8
Russian Federation;2010;97.59
Rwanda;2010;
Saint Kitts and Nevis;2010;121.2
Saint Lucia;2010;74
Saint Vincent and the Grenadines;2010;89.1
Samoa;2010;45.13
San Marino;2010;90.4
Sao Tome and Principe;2010;
Saudi Arabia;2010;98
Senegal;2010;
Serbia;2010;91
Seychelles;2010;98
Sierra Leone;2010;
Singapore;2010;96.3
Slovakia;2010;99.2
Slovenia;2010;96.4
Solomon Islands;2010;
Somalia;2010;
South Africa;2010;75.75
Spain;2010;91.8
Sri Lanka;2010;99
Sudan;2010;
Suriname;2010;
Sweden;2010;94.4
Switzerland;2010;83
Syrian Arab Republic;2010;99
Tajikistan;2010;
Thailand;2010;91.2
Timor-Leste;2010;
Togo;2010;
Tonga;2010;98
Trinidad and Tobago;2010;106.5
Tunisia;2010;98
Türkiye;2010;
Turkmenistan;2010;99.3
Tuvalu;2010;70.42
Uganda;2010;
Ukraine;2010;40.7
United Arab Emirates;2010;94
United Kingdom of Great Britain and Northern Ireland;2010;84
United Republic of Tanzania;2010;
United States of America;2010;
Uruguay;2010;
Uzbekistan;2010;
Vanuatu;2010;
Venezuela (Bolivarian Republic of);2010;30.8
Viet Nam;2010;
Yemen;2010;49
Zambia;2010;
Zimbabwe;2010;
Afghanistan;2009;40
Albania;2009;98.1
Algeria;2009;98
Andorra;2009;82.3
Angola;2009;
Antigua and Barbuda;2009;94
Argentina;2009;96.42
Armenia;2009;96
Australia;2009;83.1
Austria;2009;64
Azerbaijan;2009;96.3
Bahamas;2009;76.24
Bahrain;2009;100
Bangladesh;2009;
Barbados;2009;97.4
Belarus;2009;99
Belgium;2009;83
Belize;2009;92
Benin;2009;
Bhutan;2009;90
Bolivia (Plurinational State of);2009;
Bosnia and Herzegovina;2009;
Botswana;2009;
Brazil;2009;55.28
Brunei Darussalam;2009;
Bulgaria;2009;92.8
Burkina Faso;2009;
Burundi;2009;
Cabo Verde;2009;
Cambodia;2009;
Cameroon;2009;
Canada;2009;
Central African Republic;2009;
Chad;2009;
Chile;2009;88.96
China;2009;
China, Hong Kong SAR;2009;
China, Macao SAR;2009;88.1
Colombia;2009;70.9
Comoros;2009;
Congo;2009;
Cook Islands;2009;61
Costa Rica;2009;83.5
Côte d'Ivoire;2009;
Croatia;2009;
Cuba;2009;95.2
Cyprus;2009;88
Czechia;2009;98.26
Democratic People's Republic of Korea;2009;97.8
Democratic Republic of the Congo;2009;
Denmark;2009;85
Djibouti;2009;
Dominica;2009;95.3
Dominican Republic;2009;
Ecuador;2009;99
Egypt;2009;96
El Salvador;2009;82
Equatorial Guinea;2009;
Eritrea;2009;
Estonia;2009;96
Eswatini;2009;
Ethiopia;2009;
Fiji;2009;
Finland;2009;
France;2009;
French Polynesia;2009;84
Gabon;2009;
Gambia;2009;
Georgia;2009;71
Germany;2009;89
Ghana;2009;
Greece;2009;77.1
Grenada;2009;78
Guam;2009;
Guatemala;2009;
Guinea;2009;
Guinea-Bissau;2009;
Guyana;2009;84
Haiti;2009;
Honduras;2009;
Hungary;2009;
Iceland;2009;93
Indonesia;2009;
Iran (Islamic Republic of);2009;99
Iraq;2009;102.1
Ireland;2009;
Israel;2009;92
Italy;2009;
Jamaica;2009;78.5
Japan;2009;
Jordan;2009;90
Kazakhstan;2009;99.1
Kenya;2009;
Kiribati;2009;35
Kyrgyzstan;2009;98.5
Lao People's Democratic Republic;2009;
Latvia;2009;92
Lebanon;2009;88
Lesotho;2009;70
Liberia;2009;
Libya;2009;97
Lithuania;2009;94
Luxembourg;2009;
Madagascar;2009;
Malawi;2009;
Malaysia;2009;95
Maldives;2009;96
Mali;2009;
Malta;2009;85
Marshall Islands;2009;65.52
Mauritania;2009;
Mauritius;2009;
Mexico;2009;92.1
Micronesia (Federated States of);2009;82
Mongolia;2009;
Montenegro;2009;96.5
Morocco;2009;
Mozambique;2009;
Myanmar;2009;65
Namibia;2009;
Nauru;2009;92
Nepal;2009;
Netherlands (Kingdom of the);2009;93.1
New Zealand;2009;
Nicaragua;2009;
Niger;2009;
Nigeria;2009;
Niue;2009;100
North Macedonia;2009;96.6
Norway;2009;96
Oman;2009;
Pakistan;2009;30
Palau;2009;
Panama;2009;98
Papua New Guinea;2009;
Paraguay;2009;63.2
Peru;2009;42.2
Philippines;2009;58
Poland;2009;94.6
Portugal;2009;95
Qatar;2009;99
Republic of Korea;2009;100
Republic of Moldova;2009;97.6
Romania;2009;
Russian Federation;2009;97.21
Rwanda;2009;
Saint Kitts and Nevis;2009;101.7
Saint Lucia;2009;62.96
Saint Vincent and the Grenadines;2009;93.8
Samoa;2009;29
San Marino;2009;92.1
Sao Tome and Principe;2009;
Saudi Arabia;2009;
Senegal;2009;
Serbia;2009;87
Seychelles;2009;99.2
Sierra Leone;2009;
Singapore;2009;96.5
Slovakia;2009;99
Slovenia;2009;98
Solomon Islands;2009;
Somalia;2009;
South Africa;2009;83.12
Spain;2009;90.1
Sri Lanka;2009;97
Sudan;2009;
Suriname;2009;
Sweden;2009;94.9
Switzerland;2009;83
Syrian Arab Republic;2009;99
Tajikistan;2009;
Thailand;2009;91.2
Timor-Leste;2009;
Togo;2009;
Tokelau;2009;100
Tonga;2009;98
Trinidad and Tobago;2009;79.7
Tunisia;2009;97
Türkiye;2009;88
Turkmenistan;2009;99.3
Tuvalu;2009;84
Uganda;2009;
United Kingdom of Great Britain and Northern Ireland;2009;79
United Republic of Tanzania;2009;
United States of America;2009;87.7
Uruguay;2009;
Uzbekistan;2009;8.4
Vanuatu;2009;
Venezuela (Bolivarian Republic of);2009;
Viet Nam;2009;
Yemen;2009;44
Zambia;2009;
Zimbabwe;2009;
Afghanistan;2008;39
Albania;2008;97.7
Algeria;2008;96
American Samoa;2008;57
Andorra;2008;86
Angola;2008;
Antigua and Barbuda;2008;83.3
Argentina;2008;88
Armenia;2008;94
Australia;2008;79.8
Austria;2008;62
Azerbaijan;2008;97
Bahamas;2008;
Bahrain;2008;97
Bangladesh;2008;
Barbados;2008;97.35
Belarus;2008;99
Belgium;2008;81.39
Belize;2008;90
Benin;2008;
Bhutan;2008;72
Bolivia (Plurinational State of);2008;
Bosnia and Herzegovina;2008;91.9
Botswana;2008;
Brazil;2008;55.95
Brunei Darussalam;2008;
Bulgaria;2008;94.3
Burkina Faso;2008;
Burundi;2008;
Cabo Verde;2008;
Cambodia;2008;
Cameroon;2008;
Canada;2008;
Central African Republic;2008;
Chad;2008;
Chile;2008;88.95
China;2008;
China, Hong Kong SAR;2008;
China, Macao SAR;2008;87.2
Colombia;2008;70
Comoros;2008;
Congo;2008;
Cook Islands;2008;95
Costa Rica;2008;88.96
Côte d'Ivoire;2008;
Croatia;2008;97.9
Cuba;2008;112.6
Cyprus;2008;89
Czechia;2008;97.9
Democratic People's Republic of Korea;2008;97.7
Democratic Republic of the Congo;2008;
Denmark;2008;
Djibouti;2008;
Dominica;2008;101.6
Dominican Republic;2008;
Ecuador;2008;
Egypt;2008;96.3
El Salvador;2008;79.2
Equatorial Guinea;2008;
Eritrea;2008;
Estonia;2008;97
Eswatini;2008;70
Ethiopia;2008;
Fiji;2008;
Finland;2008;
France;2008;
Gabon;2008;
Gambia;2008;
Georgia;2008;87
Germany;2008;88
Ghana;2008;
Greece;2008;77.1
Grenada;2008;86
Guam;2008;
Guatemala;2008;
Guinea;2008;
Guinea-Bissau;2008;
Guyana;2008;84
Haiti;2008;
Honduras;2008;
Hungary;2008;
Iceland;2008;
India;2008;
Indonesia;2008;78
Iran (Islamic Republic of);2008;96
Iraq;2008;
Ireland;2008;
Israel;2008;91
Italy;2008;
Jamaica;2008;80
Japan;2008;
Jordan;2008;90
Kazakhstan;2008;98.7
Kenya;2008;
Kiribati;2008;
Kyrgyzstan;2008;96.7
Lao People's Democratic Republic;2008;
Latvia;2008;94
Lebanon;2008;71
Lesotho;2008;80
Liberia;2008;
Libya;2008;97
Lithuania;2008;96.4
Luxembourg;2008;
Madagascar;2008;
Malawi;2008;
Malaysia;2008;
Maldives;2008;
Mali;2008;
Malta;2008;83
Mauritania;2008;
Mauritius;2008;
Mexico;2008;94.3
Micronesia (Federated States of);2008;
Mongolia;2008;
Montenegro;2008;96
Morocco;2008;
Mozambique;2008;
Myanmar;2008;
Namibia;2008;
Nauru;2008;100
Nepal;2008;
Netherlands (Kingdom of the);2008;93
Nicaragua;2008;
Niger;2008;
Nigeria;2008;
Niue;2008;100
North Macedonia;2008;94.7
Northern Mariana Islands;2008;
Norway;2008;95
Oman;2008;
Pakistan;2008;
Palau;2008;77
Panama;2008;59.7
Papua New Guinea;2008;54
Paraguay;2008;70.1
Peru;2008;17
Philippines;2008;
Poland;2008;97
Portugal;2008;95.4
Republic of Korea;2008;100
Republic of Moldova;2008;97.3
Romania;2008;95
Russian Federation;2008;97.22
Rwanda;2008;
Saint Kitts and Nevis;2008;94.1
Saint Lucia;2008;21.84
Saint Vincent and the Grenadines;2008;93.8
Samoa;2008;
San Marino;2008;92.2
Sao Tome and Principe;2008;
Saudi Arabia;2008;98.2
Senegal;2008;
Serbia;2008;97
Seychelles;2008;98
Sierra Leone;2008;
Singapore;2008;95.91
Slovakia;2008;99
Slovenia;2008;98.5
Solomon Islands;2008;
Somalia;2008;
South Africa;2008;74.67
Spain;2008;94.4
Sri Lanka;2008;97
Sudan;2008;
Suriname;2008;
Sweden;2008;94.4
Switzerland;2008;83
Syrian Arab Republic;2008;
Tajikistan;2008;
Thailand;2008;91.2
Timor-Leste;2008;
Togo;2008;
Tokelau;2008;95
Tonga;2008;98
Trinidad and Tobago;2008;81.17
Tunisia;2008;99
Türkiye;2008;92
Turkmenistan;2008;98.6
Tuvalu;2008;82
Uganda;2008;
Ukraine;2008;95.4
United Arab Emirates;2008;92
United Kingdom of Great Britain and Northern Ireland;2008;75
United Republic of Tanzania;2008;
United States of America;2008;87
Uruguay;2008;
Uzbekistan;2008;
Vanuatu;2008;
Venezuela (Bolivarian Republic of);2008;
Viet Nam;2008;
Yemen;2008;40.76
Zambia;2008;
Zimbabwe;2008;
Afghanistan;2007;16
Albania;2007;95.4
Algeria;2007;95
American Samoa;2007;0.77
Andorra;2007;80.13
Angola;2007;
Antigua and Barbuda;2007;78.32
Argentina;2007;84
Armenia;2007;
Australia;2007;87.3
Austria;2007;56
Azerbaijan;2007;97.4
Bahamas;2007;
Bahrain;2007;100
Bangladesh;2007;
Barbados;2007;75.38
Belarus;2007;99
Belgium;2007;77.6
Belize;2007;89
Benin;2007;
Bhutan;2007;
Bolivia (Plurinational State of);2007;
Bosnia and Herzegovina;2007;95
Botswana;2007;
Brazil;2007;49
Bulgaria;2007;94
Burkina Faso;2007;
Burundi;2007;
Cabo Verde;2007;
Cambodia;2007;
Cameroon;2007;
Canada;2007;
Central African Republic;2007;
Chad;2007;
Chile;2007;95.4
China;2007;92
China, Hong Kong SAR;2007;
China, Macao SAR;2007;87.2
Colombia;2007;93
Comoros;2007;
Congo;2007;
Cook Islands;2007;
Costa Rica;2007;
Côte d'Ivoire;2007;
Croatia;2007;98.1
Cuba;2007;100
Cyprus;2007;93
Czechia;2007;97.76
Democratic People's Republic of Korea;2007;
Democratic Republic of the Congo;2007;
Denmark;2007;88
Djibouti;2007;
Dominica;2007;95
Dominican Republic;2007;
Ecuador;2007;
Egypt;2007;97
El Salvador;2007;85.5
Equatorial Guinea;2007;
Eritrea;2007;
Estonia;2007;96.5
Eswatini;2007;69.2
Ethiopia;2007;
Fiji;2007;
Finland;2007;
France;2007;
French Polynesia;2007;84
Gabon;2007;
Gambia;2007;
Georgia;2007;92
Germany;2007;83.2
Ghana;2007;
Greece;2007;77.1
Grenada;2007;85.8
Guam;2007;
Guatemala;2007;
Guinea;2007;
Guinea-Bissau;2007;
Guyana;2007;90
Haiti;2007;
Honduras;2007;
Hungary;2007;
Iceland;2007;
India;2007;
Indonesia;2007;85.1
Iran (Islamic Republic of);2007;97
Iraq;2007;80
Ireland;2007;
Israel;2007;90
Italy;2007;
Jamaica;2007;16.7
Japan;2007;
Jordan;2007;97
Kazakhstan;2007;
Kenya;2007;
Kiribati;2007;
Kyrgyzstan;2007;95
Lao People's Democratic Republic;2007;
Latvia;2007;98
Lebanon;2007;30
Lesotho;2007;80
Liberia;2007;
Libya;2007;97
Lithuania;2007;96.2
Luxembourg;2007;
Madagascar;2007;
Malawi;2007;
Malaysia;2007;
Maldives;2007;56
Mali;2007;
Malta;2007;77
Marshall Islands;2007;91
Mauritania;2007;
Mauritius;2007;80
Mexico;2007;85.3
Micronesia (Federated States of);2007;86
Mongolia;2007;97
Montenegro;2007;95
Morocco;2007;92
Mozambique;2007;
Myanmar;2007;
Namibia;2007;
Nauru;2007;100
Nepal;2007;
Netherlands (Kingdom of the);2007;92.5
New Caledonia;2007;78.2
New Zealand;2007;
Nicaragua;2007;
Niger;2007;
Nigeria;2007;
Niue;2007;99
North Macedonia;2007;95.1
Norway;2007;93
Oman;2007;
Pakistan;2007;
Palau;2007;83
Panama;2007;80.13
Papua New Guinea;2007;47
Paraguay;2007;63.4
Peru;2007;8.9
Philippines;2007;
Poland;2007;98.4
Portugal;2007;95
Qatar;2007;45
Republic of Korea;2007;99.9
Republic of Moldova;2007;95.4
Romania;2007;96.1
Russian Federation;2007;97.07
Rwanda;2007;
Saint Kitts and Nevis;2007;
Saint Lucia;2007;
Saint Vincent and the Grenadines;2007;83.2
Samoa;2007;51
San Marino;2007;93.7
Sao Tome and Principe;2007;
Saudi Arabia;2007;
Senegal;2007;
Serbia;2007;96
Seychelles;2007;
Sierra Leone;2007;
Singapore;2007;96
Slovakia;2007;98.5
Slovenia;2007;98.43
Solomon Islands;2007;
Somalia;2007;
South Africa;2007;70.13
Spain;2007;94.9
Sri Lanka;2007;97
Sudan;2007;
Suriname;2007;
Sweden;2007;
Switzerland;2007;71
Syrian Arab Republic;2007;98
Tajikistan;2007;
Thailand;2007;94.1
Timor-Leste;2007;
Togo;2007;
Tokelau;2007;100
Tonga;2007;99
Trinidad and Tobago;2007;86.9
Tunisia;2007;98.4
Türkiye;2007;94
Turkmenistan;2007;98.4
Tuvalu;2007;74
Uganda;2007;
Ukraine;2007;
United Kingdom of Great Britain and Northern Ireland;2007;74.4
United Republic of Tanzania;2007;
United States of America;2007;85.7
Uruguay;2007;
Uzbekistan;2007;
Vanuatu;2007;
Venezuela (Bolivarian Republic of);2007;
Viet Nam;2007;
Wallis and Futuna;2007;0.98
Yemen;2007;38
Zambia;2007;
Zimbabwe;2007;
Afghanistan;2006;
Albania;2006;93.9
Algeria;2006;98
Andorra;2006;
Angola;2006;
Antigua and Barbuda;2006;67.5
Argentina;2006;91
Armenia;2006;85
Austria;2006;61
Azerbaijan;2006;94.8
Bahamas;2006;88
Bahrain;2006;99
Bangladesh;2006;
Barbados;2006;93.7
Belarus;2006;95
Belgium;2006;78
Belize;2006;91.75
Benin;2006;
Bhutan;2006;
Bolivia (Plurinational State of);2006;
Bosnia and Herzegovina;2006;61
Botswana;2006;
Brazil;2006;
Bulgaria;2006;93.3
Burkina Faso;2006;
Burundi;2006;
Cabo Verde;2006;
Cambodia;2006;
Cameroon;2006;
Canada;2006;
Central African Republic;2006;
Chad;2006;
Chile;2006;94.7
China;2006;94
Colombia;2006;85
Comoros;2006;
Congo;2006;
Cook Islands;2006;
Costa Rica;2006;
Côte d'Ivoire;2006;
Croatia;2006;98.2
Cuba;2006;97.3
Cyprus;2006;
Czechia;2006;97.5
Democratic People's Republic of Korea;2006;
Democratic Republic of the Congo;2006;
Denmark;2006;91
Djibouti;2006;
Dominica;2006;98.7
Dominican Republic;2006;
Ecuador;2006;
Egypt;2006;97
El Salvador;2006;88.9
Equatorial Guinea;2006;
Eritrea;2006;
Estonia;2006;97.5
Eswatini;2006;58
Ethiopia;2006;
Fiji;2006;
Finland;2006;
France;2006;
Gabon;2006;
Gambia;2006;
Georgia;2006;88
Germany;2006;76.6
Ghana;2006;
Grenada;2006;86.7
Guatemala;2006;
Guinea;2006;
Guinea-Bissau;2006;
Guyana;2006;74.3
Haiti;2006;
Honduras;2006;
Hungary;2006;
Iceland;2006;93
India;2006;
Indonesia;2006;
Iraq;2006;68
Ireland;2006;
Israel;2006;96
Italy;2006;
Jamaica;2006;43.7
Jordan;2006;88
Kazakhstan;2006;
Kenya;2006;
Kiribati;2006;
Kyrgyzstan;2006;97.4
Lao People's Democratic Republic;2006;
Latvia;2006;100
Lebanon;2006;48.5
Lesotho;2006;80
Liberia;2006;
Libya;2006;96
Lithuania;2006;93.6
Luxembourg;2006;
Madagascar;2006;
Malawi;2006;
Malaysia;2006;90
Maldives;2006;85
Mali;2006;
Malta;2006;86
Marshall Islands;2006;60
Mauritania;2006;
Mauritius;2006;85
Mexico;2006;55.2
Micronesia (Federated States of);2006;
Mongolia;2006;95.9
Montenegro;2006;
Morocco;2006;92
Mozambique;2006;
Myanmar;2006;
Namibia;2006;
Nauru;2006;97
Nepal;2006;
Netherlands (Kingdom of the);2006;92.5
New Zealand;2006;
Nicaragua;2006;
Niger;2006;
Nigeria;2006;
Niue;2006;100
North Macedonia;2006;95.6
Norway;2006;91
Oman;2006;
Palau;2006;98
Panama;2006;59.7
Papua New Guinea;2006;55
Paraguay;2006;58
Peru;2006;
Philippines;2006;
Poland;2006;98.9
Portugal;2006;94.99
Qatar;2006;87
Republic of Korea;2006;99.9
Republic of Moldova;2006;99.1
Romania;2006;96
Russian Federation;2006;96.8
Rwanda;2006;
Saint Kitts and Nevis;2006;
Saint Lucia;2006;
Saint Vincent and the Grenadines;2006;
Samoa;2006;21
Sao Tome and Principe;2006;
Saudi Arabia;2006;
Senegal;2006;
Serbia;2006;89.8
Seychelles;2006;
Sierra Leone;2006;
Singapore;2006;96
Slovakia;2006;98.6
Slovenia;2006;99.02
Solomon Islands;2006;
Somalia;2006;
South Africa;2006;72.7
Spain;2006;94.1
Sri Lanka;2006;98
Sudan;2006;
Suriname;2006;
Sweden;2006;94.9
Switzerland;2006;71
Syrian Arab Republic;2006;98
Tajikistan;2006;
Thailand;2006;94.1
Timor-Leste;2006;
Togo;2006;
Tonga;2006;99.2
Trinidad and Tobago;2006;77.6
Tunisia;2006;98.5
Türkiye;2006;
Turkmenistan;2006;98.8
Tuvalu;2006;82.7
Uganda;2006;
Ukraine;2006;98.4
United Kingdom of Great Britain and Northern Ireland;2006;75.1
United Republic of Tanzania;2006;
United States of America;2006;86
Uruguay;2006;
Uzbekistan;2006;
Vanuatu;2006;
Venezuela (Bolivarian Republic of);2006;
Viet Nam;2006;
Yemen;2006;30
Zambia;2006;
Zimbabwe;2006;
Afghanistan;2005;
Albania;2005;96.6
Algeria;2005;94
American Samoa;2005;
Andorra;2005;
Angola;2005;
Anguilla;2005;
Antigua and Barbuda;2005;46.25
Argentina;2005;88
Armenia;2005;92.3
Australia;2005;
Austria;2005;91
Azerbaijan;2005;97.6
Bahamas;2005;88
Bahrain;2005;99.12
Bangladesh;2005;
Barbados;2005;98
Belarus;2005;98.4
Belgium;2005;
Belize;2005;87.32
Benin;2005;
Bhutan;2005;
Bolivia (Plurinational State of);2005;
Bosnia and Herzegovina;2005;90
Botswana;2005;
Brazil;2005;
Brunei Darussalam;2005;
Bulgaria;2005;92.4
Burkina Faso;2005;
Burundi;2005;
Cabo Verde;2005;
Cambodia;2005;
Cameroon;2005;
Canada;2005;
Central African Republic;2005;
Chad;2005;
Chile;2005;95.9
China;2005;84.09
China, Macao SAR;2005;82.8
Colombia;2005;73
Comoros;2005;
Congo;2005;
Cook Islands;2005;
Costa Rica;2005;
Côte d'Ivoire;2005;
Croatia;2005;97.8
Cuba;2005;53.22
Cyprus;2005;
Czechia;2005;96.7
Democratic People's Republic of Korea;2005;
Democratic Republic of the Congo;2005;
Denmark;2005;91
Djibouti;2005;
Dominica;2005;
Dominican Republic;2005;
Ecuador;2005;
Egypt;2005;97.1
El Salvador;2005;102.6
Equatorial Guinea;2005;
Eritrea;2005;
Estonia;2005;97.6
Eswatini;2005;47
Ethiopia;2005;
Fiji;2005;80
Finland;2005;
France;2005;
Gabon;2005;
Gambia;2005;
Georgia;2005;87
Germany;2005;65.7
Ghana;2005;
Greece;2005;
Grenada;2005;81.4
Guam;2005;
Guatemala;2005;
Guinea;2005;
Guinea-Bissau;2005;
Guyana;2005;72
Haiti;2005;
Honduras;2005;
Hungary;2005;
Iceland;2005;90
India;2005;
Indonesia;2005;90.9
Iran (Islamic Republic of);2005;92
Iraq;2005;74
Ireland;2005;
Israel;2005;96
Italy;2005;
Jamaica;2005;10.5
Jordan;2005;92
Kazakhstan;2005;96.4
Kenya;2005;
Kiribati;2005;
Kuwait;2005;
Kyrgyzstan;2005;
Lao People's Democratic Republic;2005;
Latvia;2005;106
Lebanon;2005;16.6
Lesotho;2005;
Liberia;2005;
Libya;2005;95
Lithuania;2005;95
Luxembourg;2005;
Madagascar;2005;
Malawi;2005;
Malaysia;2005;90
Maldives;2005;82
Mali;2005;
Malta;2005;59.8
Marshall Islands;2005;
Mauritania;2005;
Mauritius;2005;78.1
Mexico;2005;96.78
Micronesia (Federated States of);2005;84
Mongolia;2005;
Morocco;2005;92
Mozambique;2005;
Myanmar;2005;
Namibia;2005;
Nauru;2005;50
Nepal;2005;
Netherlands (Kingdom of the);2005;92.9
New Caledonia;2005;
New Zealand;2005;
Nicaragua;2005;
Niger;2005;
Nigeria;2005;
Niue;2005;70
North Macedonia;2005;95.2
Northern Mariana Islands;2005;
Norway;2005;91
Oman;2005;
Pakistan;2005;
Palau;2005;95
Panama;2005;88.87
Papua New Guinea;2005;
Paraguay;2005;27.51
Peru;2005;
Philippines;2005;
Poland;2005;90.4
Portugal;2005;
Qatar;2005;98
Republic of Korea;2005;99.9
Republic of Moldova;2005;97.9
Romania;2005;96
Russian Federation;2005;96.54
Rwanda;2005;
Saint Kitts and Nevis;2005;
Saint Lucia;2005;
Saint Vincent and the Grenadines;2005;93
Samoa;2005;
Sao Tome and Principe;2005;
Saudi Arabia;2005;
Senegal;2005;
Serbia;2005;98.1
Seychelles;2005;99.6
Sierra Leone;2005;
Singapore;2005;95
Slovakia;2005;98
Slovenia;2005;
Solomon Islands;2005;
Somalia;2005;
South Africa;2005;66.86
Spain;2005;91.6
Sri Lanka;2005;99
Sudan;2005;
Suriname;2005;86.33
Sweden;2005;95
Switzerland;2005;71
Syrian Arab Republic;2005;98
Tajikistan;2005;92.5
Thailand;2005;95
Timor-Leste;2005;
Togo;2005;
Tokelau;2005;100
Tonga;2005;98.2
Trinidad and Tobago;2005;84.5
Tunisia;2005;99.4
Türkiye;2005;98
Turkmenistan;2005;97.5
Tuvalu;2005;
Uganda;2005;
Ukraine;2005;95.8
United Arab Emirates;2005;94
United Kingdom of Great Britain and Northern Ireland;2005;75.4
United Republic of Tanzania;2005;
United States of America;2005;86.3
Uruguay;2005;
Uzbekistan;2005;0
Vanuatu;2005;
Venezuela (Bolivarian Republic of);2005;
Viet Nam;2005;
Yemen;2005;25
Zimbabwe;2005;
Afghanistan;2004;2.2
Albania;2004;95.7
Algeria;2004;94
American Samoa;2004;
Andorra;2004;
Angola;2004;
Antigua and Barbuda;2004;
Argentina;2004;93
Armenia;2004;94.4
Australia;2004;
Austria;2004;47.4
Azerbaijan;2004;97.8
Bahamas;2004;95
Bahrain;2004;100
Bangladesh;2004;
Barbados;2004;100
Belarus;2004;98.5
Belgium;2004;
Belize;2004;
Benin;2004;
Bermuda;2004;50
Bhutan;2004;
Bolivia (Plurinational State of);2004;
Bosnia and Herzegovina;2004;88
Botswana;2004;
Brazil;2004;
Brunei Darussalam;2004;96.6
Bulgaria;2004;90.8
Burkina Faso;2004;
Burundi;2004;
Cabo Verde;2004;
Cambodia;2004;
Cameroon;2004;
Canada;2004;
Central African Republic;2004;
Chad;2004;
Chile;2004;110.16
China;2004;
China, Hong Kong SAR;2004;
China, Macao SAR;2004;83.8
Colombia;2004;70
Comoros;2004;
Congo;2004;
Cook Islands;2004;86
Costa Rica;2004;
Côte d'Ivoire;2004;
Croatia;2004;98.2
Cuba;2004;
Cyprus;2004;
Czechia;2004;96.9
Democratic People's Republic of Korea;2004;
Democratic Republic of the Congo;2004;
Denmark;2004;88
Djibouti;2004;
Dominica;2004;
Dominican Republic;2004;
Ecuador;2004;
Egypt;2004;96.4
El Salvador;2004;80.3
Equatorial Guinea;2004;
Eritrea;2004;
Estonia;2004;97.2
Eswatini;2004;53
Ethiopia;2004;
Fiji;2004;
Finland;2004;
France;2004;
French Polynesia;2004;
Gabon;2004;
Gambia;2004;
Georgia;2004;75
Germany;2004;50.9
Ghana;2004;
Greece;2004;
Grenada;2004;61
Guam;2004;
Guatemala;2004;
Guinea;2004;
Guinea-Bissau;2004;
Guyana;2004;63
Haiti;2004;
Honduras;2004;
Hungary;2004;
Iceland;2004;89
India;2004;
Indonesia;2004;85
Iran (Islamic Republic of);2004;100
Iraq;2004;64.6
Ireland;2004;
Israel;2004;97
Italy;2004;
Jamaica;2004;95
Japan;2004;
Jordan;2004;98
Kazakhstan;2004;100
Kenya;2004;
Kiribati;2004;
Kuwait;2004;
Kyrgyzstan;2004;98.1
Lao People's Democratic Republic;2004;
Latvia;2004;98
Lebanon;2004;
Lesotho;2004;56
Liberia;2004;
Libya;2004;95
Lithuania;2004;93.4
Luxembourg;2004;
Madagascar;2004;
Malawi;2004;
Malaysia;2004;
Maldives;2004;
Mali;2004;
Malta;2004;
Marshall Islands;2004;
Mauritania;2004;
Mauritius;2004;80
Mexico;2004;
Micronesia (Federated States of);2004;74
Monaco;2004;
Mongolia;2004;97.8
Morocco;2004;91
Mozambique;2004;
Myanmar;2004;
Namibia;2004;
Nauru;2004;60
Nepal;2004;
Netherlands (Kingdom of the);2004;97.7
New Caledonia;2004;
New Zealand;2004;
Nicaragua;2004;
Niger;2004;
Nigeria;2004;
Niue;2004;100
North Macedonia;2004;94.8
Northern Mariana Islands;2004;82
Norway;2004;90
Oman;2004;
Pakistan;2004;
Palau;2004;98
Panama;2004;
Papua New Guinea;2004;50
Paraguay;2004;
Peru;2004;
Philippines;2004;
Poland;2004;96
Portugal;2004;
Qatar;2004;
Republic of Korea;2004;99.5
Republic of Moldova;2004;97.8
Romania;2004;96.5
Russian Federation;2004;96.8
Rwanda;2004;
Saint Kitts and Nevis;2004;98
Saint Lucia;2004;67
Saint Vincent and the Grenadines;2004;73
Samoa;2004;
Sao Tome and Principe;2004;
Saudi Arabia;2004;
Senegal;2004;
Serbia;2004;
Seychelles;2004;98.6
Sierra Leone;2004;
Singapore;2004;96
Slovakia;2004;98
Slovenia;2004;
Solomon Islands;2004;
Somalia;2004;
South Africa;2004;53.1
Spain;2004;91.2
Sri Lanka;2004;95
Sudan;2004;
Suriname;2004;
Sweden;2004;95.2
Switzerland;2004;
Syrian Arab Republic;2004;98
Tajikistan;2004;97.8
Thailand;2004;95
Timor-Leste;2004;
Togo;2004;
Tokelau;2004;
Tonga;2004;98.6
Trinidad and Tobago;2004;78
Tunisia;2004;
Türkiye;2004;97
Turkmenistan;2004;90
Tuvalu;2004;
Uganda;2004;
Ukraine;2004;97
United Arab Emirates;2004;92
United Kingdom of Great Britain and Northern Ireland;2004;76
United Republic of Tanzania;2004;
United States of America;2004;86.1
Uruguay;2004;
Uzbekistan;2004;98.6
Vanuatu;2004;
Venezuela (Bolivarian Republic of);2004;
Viet Nam;2004;
Wallis and Futuna;2004;
Yemen;2004;
Zambia;2004;
Zimbabwe;2004;
Afghanistan;2003;
Albania;2003;93.2
Algeria;2003;96
American Samoa;2003;
Andorra;2003;
Angola;2003;
Antigua and Barbuda;2003;
Argentina;2003;80
Armenia;2003;93.2
Australia;2003;94
Austria;2003;45.53
Azerbaijan;2003;96.8
Bahamas;2003;
Bahrain;2003;99.5
Bangladesh;2003;
Barbados;2003;
Belarus;2003;98.3
Belgium;2003;
Belize;2003;
Benin;2003;
Bhutan;2003;
Bolivia (Plurinational State of);2003;
Bosnia and Herzegovina;2003;
Botswana;2003;
Brazil;2003;
Brunei Darussalam;2003;
Bulgaria;2003;89.4
Burkina Faso;2003;
Burundi;2003;
Cabo Verde;2003;
Cambodia;2003;
Cameroon;2003;
Canada;2003;
Central African Republic;2003;
Chad;2003;
Chile;2003;
China;2003;
China, Hong Kong SAR;2003;98.56
China, Macao SAR;2003;90
Colombia;2003;70
Comoros;2003;
Congo;2003;
Cook Islands;2003;88
Costa Rica;2003;
Côte d'Ivoire;2003;
Croatia;2003;98.3
Cuba;2003;
Cyprus;2003;
Czechia;2003;96.7
Democratic People's Republic of Korea;2003;
Democratic Republic of the Congo;2003;
Denmark;2003;88
Djibouti;2003;
Dominica;2003;
Dominican Republic;2003;
Ecuador;2003;
Egypt;2003;
El Salvador;2003;77.2
Equatorial Guinea;2003;
Eritrea;2003;
Estonia;2003;95.9
Eswatini;2003;
Ethiopia;2003;
Fiji;2003;
Finland;2003;
France;2003;
French Polynesia;2003;
Gabon;2003;
Gambia;2003;
Georgia;2003;56.9
Germany;2003;
Ghana;2003;
Greece;2003;
Grenada;2003;
Guam;2003;
Guatemala;2003;
Guinea;2003;
Guinea-Bissau;2003;
Guyana;2003;
Haiti;2003;
Honduras;2003;
Hungary;2003;
Iceland;2003;92
India;2003;
Indonesia;2003;
Iran (Islamic Republic of);2003;96
Iraq;2003;
Ireland;2003;
Israel;2003;
Italy;2003;
Jamaica;2003;
Japan;2003;
Jordan;2003;91
Kazakhstan;2003;100
Kenya;2003;
Kiribati;2003;
Kuwait;2003;
Kyrgyzstan;2003;98.2
Lao People's Democratic Republic;2003;
Latvia;2003;101
Lebanon;2003;94
Lesotho;2003;47
Liberia;2003;
Libya;2003;
Lithuania;2003;92.6
Luxembourg;2003;
Madagascar;2003;
Malawi;2003;
Malaysia;2003;
Maldives;2003;
Mali;2003;
Malta;2003;2
Marshall Islands;2003;90
Mauritania;2003;
Mauritius;2003;
Mexico;2003;96.27
Micronesia (Federated States of);2003;66
Monaco;2003;
Mongolia;2003;98.4
Morocco;2003;
Mozambique;2003;
Myanmar;2003;
Namibia;2003;
Nauru;2003;
Nepal;2003;
Netherlands (Kingdom of the);2003;97.6
New Caledonia;2003;
New Zealand;2003;
Nicaragua;2003;
Niger;2003;
Nigeria;2003;
Niue;2003;
North Macedonia;2003;96.8
Northern Mariana Islands;2003;74
Norway;2003;89
Oman;2003;97.69
Pakistan;2003;
Palau;2003;
Panama;2003;
Papua New Guinea;2003;53
Paraguay;2003;
Peru;2003;
Philippines;2003;
Poland;2003;96.8
Portugal;2003;
Qatar;2003;91
Republic of Korea;2003;95
Republic of Moldova;2003;95.7
Romania;2003;96.9
Russian Federation;2003;95.6
Rwanda;2003;
Saint Kitts and Nevis;2003;
Saint Lucia;2003;
Saint Vincent and the Grenadines;2003;
Samoa;2003;
Sao Tome and Principe;2003;
Saudi Arabia;2003;
Senegal;2003;
Serbia;2003;95.6
Seychelles;2003;100
Sierra Leone;2003;
Singapore;2003;96
Slovakia;2003;99.5
Slovenia;2003;
Solomon Islands;2003;
Somalia;2003;
South Africa;2003;70
Spain;2003;
Sri Lanka;2003;90
Sudan;2003;
Suriname;2003;
Sweden;2003;
Switzerland;2003;
Syrian Arab Republic;2003;
Tajikistan;2003;94
Thailand;2003;
Timor-Leste;2003;
Togo;2003;
Tokelau;2003;
Tonga;2003;95.8
Trinidad and Tobago;2003;73
Tunisia;2003;99
Türkiye;2003;97
Turkmenistan;2003;73.6
Tuvalu;2003;
Uganda;2003;
Ukraine;2003;99
United Arab Emirates;2003;92
United Kingdom of Great Britain and Northern Ireland;2003;77
United Republic of Tanzania;2003;
United States of America;2003;86
Uruguay;2003;
Uzbekistan;2003;98.4
Vanuatu;2003;
Venezuela (Bolivarian Republic of);2003;
Viet Nam;2003;
Wallis and Futuna;2003;61
Yemen;2003;
Zambia;2003;
Zimbabwe;2003;
Afghanistan;2002;
Albania;2002;93
Algeria;2002;93
Andorra;2002;
Angola;2002;
Antigua and Barbuda;2002;
Argentina;2002;83
Armenia;2002;61.8
Australia;2002;84
Austria;2002;38.7
Azerbaijan;2002;97.98
Bahamas;2002;
Bahrain;2002;97
Bangladesh;2002;
Barbados;2002;
Belarus;2002;
Belgium;2002;
Belize;2002;
Benin;2002;
Bhutan;2002;
Bolivia (Plurinational State of);2002;
Bosnia and Herzegovina;2002;89.9
Botswana;2002;
Brazil;2002;79.86
Brunei Darussalam;2002;
Bulgaria;2002;79.2
Burkina Faso;2002;
Burundi;2002;
Cabo Verde;2002;
Cambodia;2002;
Cameroon;2002;
Canada;2002;
Central African Republic;2002;
Chad;2002;
Chile;2002;
China;2002;
Colombia;2002;93
Comoros;2002;
Congo;2002;
Cook Islands;2002;
Costa Rica;2002;
Côte d'Ivoire;2002;
Croatia;2002;98
Cuba;2002;
Cyprus;2002;
Czechia;2002;98
Democratic People's Republic of Korea;2002;
Democratic Republic of the Congo;2002;
Denmark;2002;91.6
Djibouti;2002;
Dominica;2002;99
Dominican Republic;2002;
Ecuador;2002;
Egypt;2002;
Equatorial Guinea;2002;
Eritrea;2002;
Estonia;2002;94
Eswatini;2002;
Ethiopia;2002;
Fiji;2002;
Finland;2002;
France;2002;
Gabon;2002;
Gambia;2002;
Georgia;2002;39.8
Germany;2002;
Ghana;2002;
Greece;2002;
Grenada;2002;74
Guatemala;2002;
Guinea;2002;
Guinea-Bissau;2002;
Guyana;2002;
Haiti;2002;
Honduras;2002;
Hungary;2002;99.7
Iceland;2002;
India;2002;
Indonesia;2002;
Iran (Islamic Republic of);2002;96
Iraq;2002;
Ireland;2002;
Israel;2002;
Italy;2002;
Jamaica;2002;
Japan;2002;
Jordan;2002;90
Kazakhstan;2002;98
Kenya;2002;
Kiribati;2002;
Kuwait;2002;
Kyrgyzstan;2002;97.6
Lao People's Democratic Republic;2002;
Latvia;2002;95.8
Lebanon;2002;94
Lesotho;2002;50
Liberia;2002;
Libya;2002;
Lithuania;2002;95.3
Luxembourg;2002;
Madagascar;2002;
Malawi;2002;
Malaysia;2002;
Maldives;2002;
Mali;2002;
Malta;2002;
Marshall Islands;2002;70
Mauritania;2002;
Mauritius;2002;
Mexico;2002;88.8
Micronesia (Federated States of);2002;
Monaco;2002;
Mongolia;2002;
Morocco;2002;
Mozambique;2002;
Myanmar;2002;
Namibia;2002;
Nauru;2002;
Nepal;2002;
Netherlands (Kingdom of the);2002;96
New Zealand;2002;
Nicaragua;2002;
Niger;2002;
Nigeria;2002;
Niue;2002;90
North Macedonia;2002;95.1
Norway;2002;90
Oman;2002;98.42
Pakistan;2002;
Palau;2002;
Panama;2002;
Papua New Guinea;2002;63
Paraguay;2002;82
Peru;2002;
Philippines;2002;
Poland;2002;96.8
Portugal;2002;
Qatar;2002;91
Republic of Korea;2002;
Republic of Moldova;2002;68.9
Romania;2002;
Russian Federation;2002;93.34
Rwanda;2002;
Saint Kitts and Nevis;2002;
Saint Lucia;2002;
Saint Vincent and the Grenadines;2002;99.3
Samoa;2002;
Sao Tome and Principe;2002;
Saudi Arabia;2002;
Senegal;2002;
Serbia;2002;74.6
Seychelles;2002;99
Sierra Leone;2002;
Singapore;2002;96
Slovakia;2002;99.5
Slovenia;2002;
Solomon Islands;2002;
Somalia;2002;
South Africa;2002;64
Spain;2002;
Sri Lanka;2002;
Sudan;2002;
Suriname;2002;
Sweden;2002;
Switzerland;2002;
Syrian Arab Republic;2002;98
Tajikistan;2002;93
Thailand;2002;
Timor-Leste;2002;
Togo;2002;
Tonga;2002;
Trinidad and Tobago;2002;62.5
Tunisia;2002;98
Türkiye;2002;83
Turkmenistan;2002;87
Tuvalu;2002;
Uganda;2002;
Ukraine;2002;98
United Arab Emirates;2002;92
United Kingdom of Great Britain and Northern Ireland;2002;74
United Republic of Tanzania;2002;
United States of America;2002;86
Uruguay;2002;
Uzbekistan;2002;97.4
Vanuatu;2002;
Venezuela (Bolivarian Republic of);2002;
Viet Nam;2002;
Yemen;2002;
Zambia;2002;
Zimbabwe;2002;
Afghanistan;2001;
Albania;2001;90
Algeria;2001;
American Samoa;2001;
Angola;2001;
Antigua and Barbuda;2001;
Argentina;2001;56
Armenia;2001;96.3
Australia;2001;
Austria;2001;33.9
Azerbaijan;2001;96.2
Bahamas;2001;
Bahrain;2001;99
Bangladesh;2001;
Barbados;2001;12.4
Belarus;2001;
Belgium;2001;
Belize;2001;
Benin;2001;
Bhutan;2001;
Bolivia (Plurinational State of);2001;
Bosnia and Herzegovina;2001;85.7
Botswana;2001;
Brazil;2001;95
Brunei Darussalam;2001;
Bulgaria;2001;85.15
Burkina Faso;2001;
Burundi;2001;
Cabo Verde;2001;
Cambodia;2001;
Cameroon;2001;
Canada;2001;
Central African Republic;2001;
Chad;2001;
Chile;2001;
China;2001;76.81
China, Hong Kong SAR;2001;99.2
China, Macao SAR;2001;88.74
Colombia;2001;83
Comoros;2001;
Congo;2001;
Cook Islands;2001;49.9
Costa Rica;2001;
Côte d'Ivoire;2001;
Croatia;2001;97.5
Cuba;2001;
Cyprus;2001;
Czechia;2001;97.4
Democratic People's Republic of Korea;2001;
Democratic Republic of the Congo;2001;
Denmark;2001;87
Djibouti;2001;
Dominica;2001;62
Dominican Republic;2001;
Ecuador;2001;
Egypt;2001;
El Salvador;2001;
Equatorial Guinea;2001;
Eritrea;2001;
Estonia;2001;84.2
Eswatini;2001;
Ethiopia;2001;
Fiji;2001;
Finland;2001;
French Polynesia;2001;98
Gabon;2001;
Gambia;2001;
Georgia;2001;7.6
Ghana;2001;
Greece;2001;
Grenada;2001;
Guam;2001;
Guatemala;2001;
Guinea;2001;
Guinea-Bissau;2001;
Guyana;2001;88
Haiti;2001;
Honduras;2001;
Iceland;2001;
India;2001;
Indonesia;2001;
Iran (Islamic Republic of);2001;94
Iraq;2001;
Ireland;2001;
Jamaica;2001;
Japan;2001;
Jordan;2001;87
Kazakhstan;2001;95
Kenya;2001;
Kiribati;2001;
Kuwait;2001;
Kyrgyzstan;2001;98.5
Lao People's Democratic Republic;2001;
Latvia;2001;94.8
Lebanon;2001;88
Lesotho;2001;46
Liberia;2001;
Libya;2001;
Lithuania;2001;96
Madagascar;2001;
Malawi;2001;
Malaysia;2001;
Maldives;2001;
Mali;2001;
Malta;2001;
Marshall Islands;2001;6.4
Mauritania;2001;
Mauritius;2001;
Mexico;2001;98.6
Micronesia (Federated States of);2001;64
Mongolia;2001;
Morocco;2001;
Mozambique;2001;
Myanmar;2001;0
Namibia;2001;
Nauru;2001;95
Nepal;2001;
Netherlands (Kingdom of the);2001;96.1
New Caledonia;2001;
New Zealand;2001;
Nicaragua;2001;
Niger;2001;
Nigeria;2001;
Niue;2001;
North Macedonia;2001;93.8
Northern Mariana Islands;2001;
Norway;2001;90
occupied Palestinian territory, including east Jerusalem;2001;
Oman;2001;99.99
Pakistan;2001;
Palau;2001;
Panama;2001;
Papua New Guinea;2001;48
Paraguay;2001;
Peru;2001;
Philippines;2001;
Qatar;2001;
Republic of Korea;2001;
Republic of Moldova;2001;
Romania;2001;96.7
Russian Federation;2001;88.38
Rwanda;2001;
Saint Kitts and Nevis;2001;
Saint Lucia;2001;73
Saint Vincent and the Grenadines;2001;99
Samoa;2001;
Sao Tome and Principe;2001;
Saudi Arabia;2001;96.3
Senegal;2001;
Serbia;2001;74.3
Seychelles;2001;98
Sierra Leone;2001;
Singapore;2001;96
Slovakia;2001;99.4
Solomon Islands;2001;0
Somalia;2001;
South Africa;2001;53
South Sudan;2001;
Sri Lanka;2001;51.8
Sudan;2001;
Suriname;2001;
Sweden;2001;94
Switzerland;2001;
Syrian Arab Republic;2001;96
Tajikistan;2001;
Thailand;2001;
Togo;2001;
Tokelau;2001;
Tonga;2001;
Trinidad and Tobago;2001;80
Tunisia;2001;99.1
Türkiye;2001;
Turkmenistan;2001;93.7
Tuvalu;2001;99.7
Uganda;2001;
Ukraine;2001;98.41
United Arab Emirates;2001;92
United Republic of Tanzania;2001;
United States of America;2001;85.7
Uruguay;2001;
Uzbekistan;2001;98
Vanuatu;2001;
Venezuela (Bolivarian Republic of);2001;
Viet Nam;2001;
Wallis and Futuna;2001;
Yemen;2001;
Zambia;2001;
Zimbabwe;2001;
Afghanistan;2000;
Albania;2000;
Algeria;2000;
American Samoa;2000;94
Angola;2000;
Anguilla;2000;
Antigua and Barbuda;2000;
Argentina;2000;56
Armenia;2000;93.5
Australia;2000;
Austria;2000;
Azerbaijan;2000;
Bahamas;2000;
Bahrain;2000;92.4
Bangladesh;2000;
Barbados;2000;
Belarus;2000;91.6
Belize;2000;
Benin;2000;
Bermuda;2000;
Bhutan;2000;
Bolivia (Plurinational State of);2000;
Bosnia and Herzegovina;2000;73.9
Botswana;2000;
Brazil;2000;95
British Virgin Islands;2000;101.94
Brunei Darussalam;2000;
Bulgaria;2000;82.7
Burkina Faso;2000;
Burundi;2000;
Cabo Verde;2000;
Cambodia;2000;
Cameroon;2000;
Canada;2000;
Cayman Islands;2000;
Central African Republic;2000;
Chad;2000;
Chile;2000;
China;2000;
China, Hong Kong SAR;2000;98.82
China, Macao SAR;2000;88.6
Colombia;2000;84
Comoros;2000;
Congo;2000;
Cook Islands;2000;70
Costa Rica;2000;
Côte d'Ivoire;2000;
Croatia;2000;
Cuba;2000;
Cyprus;2000;
Czechia;2000;97.1
Democratic People's Republic of Korea;2000;
Democratic Republic of the Congo;2000;
Djibouti;2000;
Dominica;2000;
Dominican Republic;2000;
Ecuador;2000;
Egypt;2000;96.7
El Salvador;2000;
Equatorial Guinea;2000;
Eritrea;2000;
Estonia;2000;0
Eswatini;2000;
Ethiopia;2000;
Fiji;2000;
France;2000;
French Polynesia;2000;
Gabon;2000;
Gambia;2000;
Georgia;2000;0
Germany;2000;
Ghana;2000;
Grenada;2000;
Guam;2000;
Guatemala;2000;59
Guinea;2000;
Guinea-Bissau;2000;
Guyana;2000;
Haiti;2000;
Honduras;2000;
Iceland;2000;
India;2000;
Indonesia;2000;
Iran (Islamic Republic of);2000;100
Iraq;2000;0.14
Italy;2000;
Jamaica;2000;
Japan;2000;
Jordan;2000;83
Kazakhstan;2000;101
Kenya;2000;
Kiribati;2000;
Kuwait;2000;
Kyrgyzstan;2000;95.8
Lao People's Democratic Republic;2000;
Latvia;2000;89.9
Lebanon;2000;87
Lesotho;2000;
Liberia;2000;
Libya;2000;
Lithuania;2000;97.1
Luxembourg;2000;
Madagascar;2000;
Malawi;2000;
Malaysia;2000;
Maldives;2000;
Mali;2000;
Malta;2000;0.2
Marshall Islands;2000;6.4
Mauritania;2000;
Mauritius;2000;
Mexico;2000;98.4
Micronesia (Federated States of);2000;50
Mongolia;2000;74.8
Montserrat;2000;
Morocco;2000;
Mozambique;2000;
Myanmar;2000;
Namibia;2000;
Nauru;2000;
Nepal;2000;
Netherlands (Kingdom of the);2000;96
New Caledonia;2000;
New Zealand;2000;
Nicaragua;2000;96.8
Niger;2000;
Nigeria;2000;
Niue;2000;100
North Macedonia;2000;95.2
Northern Mariana Islands;2000;
Norway;2000;
occupied Palestinian territory, including east Jerusalem;2000;89.6
Oman;2000;99.99
Pakistan;2000;
Palau;2000;75
Panama;2000;88
Papua New Guinea;2000;53
Paraguay;2000;
Peru;2000;97
Philippines;2000;
Poland;2000;96.2
Portugal;2000;
Qatar;2000;
Republic of Korea;2000;38.7
Republic of Moldova;2000;
Russian Federation;2000;86.26
Rwanda;2000;
Saint Kitts and Nevis;2000;99
Saint Lucia;2000;89.26
Saint Vincent and the Grenadines;2000;
Samoa;2000;
Sao Tome and Principe;2000;
Saudi Arabia;2000;
Senegal;2000;
Serbia;2000;
Seychelles;2000;
Sierra Leone;2000;
Singapore;2000;98
Slovakia;2000;
Slovenia;2000;
Solomon Islands;2000;
Somalia;2000;
South Africa;2000;80
South Sudan;2000;
Sri Lanka;2000;
Sudan;2000;
Suriname;2000;
Sweden;2000;94.2
Syrian Arab Republic;2000;92
Tajikistan;2000;31.2
Thailand;2000;99.8
Togo;2000;
Tokelau;2000;
Tonga;2000;
Trinidad and Tobago;2000;
Tunisia;2000;98.3
Türkiye;2000;
Turkmenistan;2000;91.7
Turks and Caicos Islands;2000;80
Tuvalu;2000;
Uganda;2000;
Ukraine;2000;98.8
United Arab Emirates;2000;92
United Kingdom of Great Britain and Northern Ireland;2000;76.2
United Republic of Tanzania;2000;
United States of America;2000;84.7
Uruguay;2000;
Vanuatu;2000;
Venezuela (Bolivarian Republic of);2000;
Viet Nam;2000;
Wallis and Futuna;2000;100
Yemen;2000;
Zambia;2000;
Zimbabwe;2000;
Afghanistan;1999;
Albania;1999;
Algeria;1999;83
American Samoa;1999;99
Andorra;1999;
Angola;1999;
Anguilla;1999;
Antigua and Barbuda;1999;
Argentina;1999;
Armenia;1999;92.3
Australia;1999;
Austria;1999;
Azerbaijan;1999;
Bahamas;1999;
Bahrain;1999;98
Bangladesh;1999;
Barbados;1999;
Belarus;1999;
Belgium;1999;
Belize;1999;
Benin;1999;
Bermuda;1999;
Bhutan;1999;
Bolivia (Plurinational State of);1999;
Bosnia and Herzegovina;1999;75
Botswana;1999;
Brazil;1999;
British Virgin Islands;1999;
Brunei Darussalam;1999;93.6
Bulgaria;1999;
Burkina Faso;1999;
Burundi;1999;
Cabo Verde;1999;
Cambodia;1999;
Cameroon;1999;
Canada;1999;
Cayman Islands;1999;
Central African Republic;1999;
Chad;1999;
Chile;1999;
China;1999;
China, Hong Kong SAR;1999;99.01
China, Macao SAR;1999;87.8
Colombia;1999;93
Comoros;1999;
Congo;1999;
Cook Islands;1999;
Costa Rica;1999;
Croatia;1999;
Cuba;1999;
Cyprus;1999;
Czechia;1999;
Democratic People's Republic of Korea;1999;
Democratic Republic of the Congo;1999;
Denmark;1999;
Djibouti;1999;
Dominica;1999;
Dominican Republic;1999;
Ecuador;1999;
Egypt;1999;95.1
El Salvador;1999;
Eritrea;1999;
Estonia;1999;
Eswatini;1999;
Ethiopia;1999;
Finland;1999;
France;1999;
French Polynesia;1999;
Gabon;1999;
Gambia;1999;
Georgia;1999;0
Germany;1999;
Ghana;1999;
Greece;1999;
Grenada;1999;
Guam;1999;
Guatemala;1999;
Guinea;1999;
Guinea-Bissau;1999;
Guyana;1999;
Haiti;1999;
Honduras;1999;
Hungary;1999;
Iceland;1999;
India;1999;
Indonesia;1999;
Iran (Islamic Republic of);1999;96
Iraq;1999;
Ireland;1999;
Israel;1999;
Italy;1999;
Jamaica;1999;
Jordan;1999;
Kazakhstan;1999;99.8
Kenya;1999;
Kiribati;1999;
Kuwait;1999;
Kyrgyzstan;1999;99
Lao People's Democratic Republic;1999;
Latvia;1999;
Lebanon;1999;98.88
Lesotho;1999;
Liberia;1999;
Libya;1999;
Lithuania;1999;
Luxembourg;1999;
Madagascar;1999;
Malawi;1999;
Malaysia;1999;
Maldives;1999;
Mali;1999;
Malta;1999;
Marshall Islands;1999;
Mauritania;1999;
Mauritius;1999;
Mexico;1999;
Micronesia (Federated States of);1999;15
Monaco;1999;
Mongolia;1999;
Montserrat;1999;
Morocco;1999;
Mozambique;1999;
Myanmar;1999;
Namibia;1999;
Nauru;1999;
Nepal;1999;
Netherlands (Kingdom of the);1999;96
New Zealand;1999;
Nicaragua;1999;
Niger;1999;
Niue;1999;100
North Macedonia;1999;
Northern Mariana Islands;1999;79
Norway;1999;
occupied Palestinian territory, including east Jerusalem;1999;
Oman;1999;99.9
Pakistan;1999;
Palau;1999;94
Panama;1999;
Papua New Guinea;1999;53
Paraguay;1999;
Peru;1999;
Philippines;1999;
Poland;1999;96
Portugal;1999;
Qatar;1999;
Republic of Moldova;1999;
Romania;1999;96
Russian Federation;1999;84.22
Rwanda;1999;
Saint Kitts and Nevis;1999;
Saint Lucia;1999;
Saint Vincent and the Grenadines;1999;
Samoa;1999;
Saudi Arabia;1999;
Senegal;1999;
Serbia;1999;81.2
Seychelles;1999;
Singapore;1999;98
Slovakia;1999;
Slovenia;1999;98
Solomon Islands;1999;
Somalia;1999;
South Africa;1999;
Spain;1999;
Sri Lanka;1999;
Sudan;1999;
Suriname;1999;
Sweden;1999;
Switzerland;1999;
Syrian Arab Republic;1999;94
Tajikistan;1999;46
Thailand;1999;96.17
Togo;1999;
Tokelau;1999;
Tonga;1999;
Trinidad and Tobago;1999;
Tunisia;1999;98.6
Türkiye;1999;
Turkmenistan;1999;90.7
Turks and Caicos Islands;1999;
Tuvalu;1999;
Uganda;1999;
Ukraine;1999;99.6
United Arab Emirates;1999;96
United Kingdom of Great Britain and Northern Ireland;1999;
United Republic of Tanzania;1999;
United States of America;1999;80.7
Uruguay;1999;
Uzbekistan;1999;95.2
Vanuatu;1999;
Venezuela (Bolivarian Republic of);1999;
Viet Nam;1999;
Wallis and Futuna;1999;
Yemen;1999;
Zambia;1999;
Zimbabwe;1999;
Colombia;1998;88
Croatia;1998;97.2
Netherlands (Kingdom of the);1998;95.7
Papua New Guinea;1998;51
Russian Federation;1998;76.31
Singapore;1998;98
United States of America;1998;76.9
Colombia;1997;86
Croatia;1997;93.1
Netherlands (Kingdom of the);1997;96
Papua New Guinea;1997;40
Russian Federation;1997;50.96
Singapore;1997;98
United States of America;1997;71.6
Croatia;1996;95.6
Netherlands (Kingdom of the);1996;96
Papua New Guinea;1996;44
Russian Federation;1996;46.28
Singapore;1996;98
United States of America;1996;68
Croatia;1995;93.7
Netherlands (Kingdom of the);1995;94.2
Russian Federation;1995;42.3
Singapore;1995;98
Croatia;1994;96.5
Netherlands (Kingdom of the);1994;88.9
Russian Federation;1994;40.1
Singapore;1994;98
Croatia;1993;95.4
Netherlands (Kingdom of the);1993;86.5
Russian Federation;1993;32.1
Croatia;1992;94.4
Netherlands (Kingdom of the);1992;94.1
Croatia;1991;91.1
Netherlands (Kingdom of the);1991;93.6
Croatia;1990;96.5
Netherlands (Kingdom of the);1990;92.9
Croatia;1989;95.7
Netherlands (Kingdom of the);1989;92.4
Croatia;1988;95.7
Netherlands (Kingdom of the);1988;90.9
Croatia;1987;94.4
Croatia;1986;94
Croatia;1985;92.6
Croatia;1984;92.3
Croatia;1983;92.8
Croatia;1982;93.1
Croatia;1981;92.9
Croatia;1980;89.8
